"MED521 GI Final Exam - C2015 - 20121005",
"Raw MCQ data for group: 5614|4",

"Question Identifier","Category","Question Type","Correct Response","Weight","Response Data"

"User Identifiers"," "," "," "," ","5049","5718","5719","5720","5722","5723","5724","5725","5726","5728","5729","5730","5731","5732","5733","5734","5735","5736","5737","5738","5739","5741","5742","5744","5746","5748","5749","5750","5751","5752","5753","5754","5755","5756","5757","5759","5761","5762","5763","5764","5765","5766","5767","5768","5770","5771","5772","5774","5775","5776","5778","5779","5780","5781","5782","5783","5784","5787","5789","5790","5791","5792","5793","5794","5797","5799","5800","5801","5802","5803","5805","5806","5807","5808","5809","5810","5811","5812","5814","5816","5817","5818","5819","5820","5821","5822","5823","5825","5826","5827","5829","5830","5833","5834","5836","5837","5838","5839","5841","5843","5845","5846","5848","5850","5851","5852","5853","5854","5855","5856","5857","5858","5859","5860","5861","5862","5863","5864","5865","5866","5868","5869","5870","5871","5872","5874","5875","5876","5878","5880","5882","5883","5884","5885","5886","5889","5891","5892","5893","5894","5895","5896","5897","5898","5899","5900","5901","5902","5904","5915","5917","5918","5919","5920","5921","5922","5923","5924","5925","5926","5927","5928","5929","5930","5931"
"HOMER_QUIZ_1036976","","MULTICHOICE","4","1","4","2","4","4","4","4","4","4","4","4","4","4","4","4","4","4","4","4","4","4","4","4","1","4","4","4","4","4","1","4","4","1","4","4","4","4","4","1","4","1","4","1","4","4","4","2","4","4","4","4","4","4","4","4","4","4","4","4","1","1","4","4","2","4","4","4","4","4","4","4","1","4","4","4","4","4","4","4","4","4","4","2","4","4","4","4","4","4","4","4","4","4","4","4","4","4","4","4","4","4","4","1","4","4","4","4","4","2","4","4","4","4","4","4","4","4","1","4","4","4","4","4","4","1","4","1","4","4","2","4","4","4","4","4","4","4","4","4","4","4","4","4","4","4","4","4","1","4","4","4","4","4","3","4","4","4","4","4","4","1","4","4","4","4","4",
"HOMER_QUIZ_1036977","","MULTICHOICE","3","1","3","1","3","3","3","3","3","2","3","3","3","3","2","3","1","3","3","2","2","2","3","1","3","3","3","3","3","3","3","3","3","3","3","3","3","3","3","2","3","3","3","3","3","3","3","3","2","3","3","3","3","3","3","3","1","3","1","3","3","3","3","3","3","1","3","3","3","1","3","3","1","1","2","3","3","3","3","3","1","3","3","3","3","1","3","3","1","3","3","3","1","1","3","3","3","3","1","3","3","3","1","3","3","1","3","1","3","1","3","1","3","3","3","3","3","1","3","3","3","2","3","3","3","3","2","3","2","2","1","2","3","2","3","3","3","3","1","3","2","3","3","3","3","3","1","3","3","3","1","3","3","2","1","3","3","3","3","3","2","3","1","3","2","3","2",
"HOMER_QUIZ_1036978","","MULTICHOICE","2","1","2","2","2","2","2","2","2","2","2","2","2","2","2","2","2","2","2","2","2","2","2","2","2","2","2","2","2","2","2","2","2","2","2","2","2","2","2","2","2","2","2","2","2","2","2","2","2","2","2","2","2","2","2","2","2","2","2","2","2","2","2","2","2","2","2","2","2","2","2","2","2","2","2","2","2","2","2","2","2","2","2","2","2","2","2","2","2","2","2","2","2","2","2","2","2","2","2","2","2","2","2","3","2","2","2","2","2","2","2","2","2","2","2","2","2","2","2","2","2","2","2","2","2","2","2","2","2","2","2","2","2","2","2","2","2","2","2","2","2","2","2","2","2","2","2","2","2","2","1","2","2","2","2","2","2","2","2","2","2","2","2","2","2","2","2",
"HOMER_QUIZ_1036979","","MULTICHOICE","1","1","1","1","1","1","5","1","1","1","1","1","1","1","1","1","1","1","1","5","1","1","1","1","1","1","1","1","1","1","1","1","1","1","1","1","1","1","1","1","1","1","1","1","1","1","1","1","1","2","1","1","1","1","1","1","1","1","1","1","1","1","1","1","1","1","1","1","1","1","1","1","1","1","1","1","1","1","1","1","1","1","1","1","1","1","1","1","1","1","1","1","1","1","1","1","1","1","1","1","1","1","1","1","1","1","1","1","1","1","1","1","1","1","1","1","1","4","1","1","1","1","1","1","1","1","1","1","1","1","1","1","1","1","1","1","1","1","1","1","1","1","1","1","1","1","1","1","4","1","1","1","1","1","1","1","1","1","1","1","1","1","1","1","1","1","1",
"HOMER_QUIZ_1036980","","MULTICHOICE","2","1","2","2","2","2","5","2","2","2","2","5","4","2","3","4","5","2","3","2","5","2","2","3","2","2","3","2","2","4","2","2","4","2","2","3","3","3","2","2","2","2","2","3","3","2","2","2","2","2","2","2","2","2","2","2","2","2","2","3","2","2","2","2","2","2","3","2","2","2","2","2","2","2","2","2","2","3","2","2","2","2","2","3","2","2","3","2","3","2","4","2","5","3","2","2","2","2","4","2","2","3","2","2","2","2","4","2","2","1","2","1","5","2","2","3","2","2","4","2","2","2","3","2","2","5","2","2","2","2","5","2","2","2","3","3","2","5","2","3","3","2","2","2","2","2","2","3","2","2","1","4","2","4","3","2","2","2","1","2","2","3","3","2","2","5","2",
"HOMER_QUIZ_1036670","","MULTICHOICE","5","1","5","5","5","5","5","5","5","5","5","5","5","5","5","5","5","5","5","5","5","5","5","5","5","5","5","5","5","5","5","5","1","5","5","5","5","5","5","5","5","5","5","5","5","5","5","5","5","5","5","5","5","5","5","5","5","5","5","5","5","5","5","5","5","5","5","5","5","5","5","5","5","5","5","5","5","5","5","5","5","5","5","5","5","5","5","5","5","5","5","5","5","5","5","5","5","5","5","5","5","5","5","5","5","5","5","5","5","5","5","5","5","5","5","5","5","5","5","5","5","5","5","5","5","5","5","5","5","5","5","5","5","5","5","5","5","5","5","5","5","5","5","5","5","5","5","5","5","5","5","5","5","5","5","5","5","5","5","5","5","5","5","5","5","5","5",
"HOMER_QUIZ_1036671","","MULTICHOICE","4","1","4","4","4","4","4","4","4","4","4","4","4","4","4","4","4","4","4","4","4","4","4","4","4","4","4","4","4","4","4","4","4","4","3","4","4","4","4","4","4","4","4","4","4","4","4","4","4","4","4","4","4","4","4","4","4","4","4","4","4","4","2","4","4","4","4","4","4","4","4","4","4","4","3","4","4","2","4","4","4","4","4","4","4","2","4","4","4","4","4","4","4","4","4","2","4","4","4","2","3","2","4","4","4","4","4","4","4","4","4","4","4","4","4","4","4","4","4","4","4","4","4","4","4","4","4","2","4","4","4","4","4","4","4","4","4","4","4","4","4","4","4","4","4","4","4","4","4","4","4","4","4","4","4","4","4","4","3","4","4","4","4","4","4","4","4",
"HOMER_QUIZ_1036672","","MULTICHOICE","4","1","4","4","4","4","4","4","4","4","4","4","4","4","4","4","4","4","4","4","4","4","4","4","4","4","4","4","4","4","4","4","4","4","4","4","4","4","4","4","4","4","4","4","4","4","4","4","4","4","4","4","4","4","4","4","4","3","4","4","4","4","4","4","4","4","4","1","4","4","4","4","4","4","4","4","4","4","4","4","4","4","4","4","4","4","4","4","4","4","4","4","4","4","4","4","4","4","4","4","4","4","4","4","4","4","4","4","4","4","4","4","4","4","4","4","4","4","4","4","1","4","4","4","4","4","4","4","4","4","4","4","4","4","4","4","4","4","4","4","4","4","4","4","4","4","4","4","4","4","3","4","4","4","4","4","4","4","4","4","4","4","3","4","4","4","4",
"HOMER_QUIZ_1036673","","MULTICHOICE","2","1","4","2","3","4","1","2","2","2","4","4","2","4","2","2","2","4","2","4","2","4","2","2","2","2","1","4","4","3","3","4","4","1","3","2","4","4","2","2","4","4","4","4","4","2","2","4","4","2","4","2","2","2","4","4","2","4","3","4","2","4","2","4","4","3","4","3","4","2","2","4","3","2","2","4","4","3","4","3","2","4","4","4","2","2","2","4","2","4","4","3","2","4","2","4","4","3","2","1","3","2","3","2","1","2","2","2","2","4","2","4","2","4","2","4","4","2","2","4","2","4","2","4","2","4","4","4","1","3","1","4","4","2","1","4","2","4","4","2","2","2","4","4","2","2","2","4","4","3","3","4","4","1","4","4","4","3","3","4","2","4","2","4","2","1","4",
"HOMER_QUIZ_1036674","","MULTICHOICE","4","1","4","4","4","4","4","4","4","4","4","4","4","4","4","4","4","4","4","4","4","4","4","4","4","4","4","4","4","4","4","4","4","4","3","4","4","4","4","4","4","4","4","4","4","4","4","4","4","4","4","4","4","4","4","4","4","4","4","4","4","4","4","4","4","4","4","4","4","4","4","4","4","4","4","4","4","4","4","4","4","4","4","4","4","4","4","4","4","4","4","4","4","4","4","4","4","4","4","4","4","4","4","4","4","4","4","4","4","4","4","4","4","4","4","4","4","4","4","4","4","4","4","4","4","4","4","4","4","4","4","4","4","4","4","4","4","4","4","4","4","4","4","4","4","4","4","4","4","4","4","5","4","4","4","4","4","4","4","4","4","4","4","4","4","4","4",
"HOMER_QUIZ_1036675","","MULTICHOICE","1","1","1","4","1","1","1","1","1","1","1","1","1","1","1","1","5","1","5","5","1","1","1","1","1","1","1","1","1","1","5","1","1","4","1","1","1","1","1","1","1","1","1","5","1","1","1","1","1","1","1","1","5","5","1","1","1","4","1","1","4","1","1","1","1","1","1","1","1","5","1","1","1","1","1","1","1","1","1","1","1","1","1","1","1","1","1","1","1","1","1","1","1","1","1","1","1","1","1","1","1","1","1","4","1","1","1","1","1","1","1","1","1","1","1","1","1","1","1","1","1","1","4","1","1","1","1","1","1","1","1","1","1","1","1","1","3","5","5","1","1","1","1","1","1","1","1","1","5","1","4","5","1","1","1","1","1","1","1","1","1","1","1","1","1","1","4",
"HOMER_QUIZ_1036676","","MULTICHOICE","3","1","3","3","3","3","3","3","3","3","3","3","3","3","3","3","3","3","3","3","3","3","3","3","3","3","3","3","3","3","3","3","3","5","3","3","3","3","3","3","3","3","3","3","3","3","3","3","3","3","3","3","3","3","3","1","3","3","3","3","3","3","3","3","3","3","3","3","3","3","3","3","3","3","3","3","3","3","3","3","3","3","3","3","3","3","3","3","3","3","3","3","3","3","3","3","3","3","3","3","3","3","1","3","3","3","3","3","3","3","3","3","3","3","3","3","3","3","3","3","3","3","3","3","3","3","3","3","3","3","3","3","3","3","3","3","1","3","3","3","1","3","3","3","2","3","3","3","3","3","3","3","3","3","3","2","3","3","3","3","3","4","3","3","3","3","3",
"HOMER_QUIZ_1036677","","MULTICHOICE","3","1","3","3","3","3","3","3","3","3","3","3","3","3","3","3","3","3","3","3","3","3","3","3","3","3","3","3","3","3","3","3","3","3","3","3","3","3","3","3","3","3","3","3","3","3","3","3","3","3","3","3","3","3","3","3","3","3","3","3","3","3","3","3","3","3","3","3","3","3","3","3","3","3","3","3","3","3","3","3","3","3","3","3","3","3","3","3","3","3","3","3","3","3","3","3","3","3","3","3","3","3","3","3","3","3","3","3","3","3","3","3","3","3","3","3","3","3","3","3","3","3","3","3","3","3","3","3","3","3","3","3","3","3","3","3","3","3","3","3","3","3","3","3","3","3","3","3","3","3","3","3","3","3","3","3","3","3","3","3","3","3","3","3","3","3","3",
"HOMER_QUIZ_1036678","","MULTICHOICE","2","1","2","2","2","1","2","2","2","2","2","2","2","2","2","1","2","2","2","2","2","2","2","2","2","2","1","2","2","2","1","2","1","2","2","2","2","1","1","2","2","2","2","2","2","2","2","2","1","1","2","2","2","2","1","2","2","2","1","2","2","2","1","2","2","2","1","1","2","2","2","2","2","2","2","2","2","2","2","2","1","2","2","2","2","1","1","2","1","2","2","2","2","2","2","2","2","2","2","2","1","2","1","2","2","1","2","2","2","2","2","2","2","2","1","2","2","2","2","1","1","2","2","2","2","1","1","2","1","2","2","2","2","2","2","2","2","1","1","1","2","2","1","2","1","2","1","2","2","2","2","2","2","2","2","1","1","2","1","1","1","2","2","2","1","2","1",
"HOMER_QUIZ_1036679","","MULTICHOICE","3","1","3","1","3","5","3","3","3","3","3","3","4","3","3","3","5","3","3","3","3","3","3","3","3","3","3","3","3","3","3","3","3","3","3","3","3","3","3","3","3","1","3","3","3","3","3","3","3","5","3","3","3","3","3","3","2","3","3","3","5","3","3","3","3","3","3","3","3","3","3","3","3","1","3","3","3","3","3","3","3","3","3","3","3","3","3","3","3","3","3","3","3","3","3","3","3","3","3","3","1","3","3","1","3","3","3","3","3","3","3","3","3","3","3","3","3","5","3","3","3","3","5","3","1","5","1","1","3","3","3","1","3","3","3","3","3","3","3","3","3","1","3","3","3","3","3","3","3","3","1","3","3","3","3","3","3","3","3","3","3","3","3","3","3","3","3",
"HOMER_QUIZ_1036680","","MULTICHOICE","3","1","3","3","3","3","3","3","3","3","3","3","3","3","3","3","3","3","3","3","4","3","3","3","3","3","3","3","3","3","3","3","3","3","3","3","3","3","3","3","3","3","5","3","3","3","3","3","3","3","3","3","3","3","3","4","3","3","3","3","1","3","3","3","3","3","3","3","3","3","3","3","3","4","3","3","3","3","3","3","3","3","3","3","3","3","3","3","3","3","3","3","3","3","4","3","3","3","3","3","3","3","3","3","3","3","3","3","3","3","3","3","3","3","3","3","4","3","3","3","3","3","3","3","3","3","3","3","3","3","3","3","3","3","3","3","3","3","3","3","3","1","3","3","3","3","3","3","3","3","3","3","3","3","3","3","4","3","3","3","3","3","3","3","3","3","4",
"HOMER_QUIZ_1036681","","MULTICHOICE","2","1","2","2","2","2","2","2","2","2","2","2","2","2","2","2","2","2","2","3","2","2","2","2","2","2","2","2","2","2","2","2","2","2","2","2","2","2","2","2","2","3","2","2","2","2","2","2","2","2","2","2","2","2","2","2","2","2","2","2","2","2","2","2","4","2","2","2","2","2","2","2","3","2","2","2","2","2","2","2","2","2","2","2","2","2","2","2","2","2","2","2","2","2","5","2","2","2","2","2","2","2","2","2","2","2","2","2","2","2","2","2","2","3","2","2","2","2","3","2","2","2","2","2","2","2","3","2","2","2","2","2","2","2","2","2","2","2","2","2","2","2","2","2","2","2","2","2","2","2","2","2","2","2","2","2","2","2","2","2","1","2","2","2","2","2","2",
"HOMER_QUIZ_1036682","","MULTICHOICE","3","1","3","3","3","3","3","3","3","4","3","3","3","3","3","3","3","3","3","3","3","3","3","3","3","3","3","3","3","3","3","3","3","3","3","2","3","4","3","3","3","3","3","2","2","4","3","3","3","3","3","3","3","3","3","3","4","3","3","4","3","3","3","4","3","4","3","3","3","3","3","3","4","3","3","3","4","3","3","3","3","3","3","3","3","3","3","3","3","3","3","3","3","3","3","3","3","3","3","2","3","3","3","3","3","3","5","3","4","3","3","3","3","3","3","3","3","3","3","3","3","3","3","3","3","3","3","3","3","3","3","3","3","3","3","3","3","4","3","3","3","3","2","3","3","3","3","3","3","3","3","3","3","3","2","3","3","3","4","3","3","3","3","3","3","3","3",
"HOMER_QUIZ_1036683","","MULTICHOICE","4","1","4","2","4","4","4","4","4","4","4","4","4","4","4","4","4","2","4","4","3","4","4","4","4","4","1","4","4","4","4","4","4","4","4","3","1","4","4","4","4","4","4","4","2","4","4","4","4","3","4","1","4","4","4","4","4","3","4","4","3","4","4","4","4","3","4","4","4","4","4","4","4","4","4","4","4","2","4","4","4","4","4","2","4","4","4","4","4","4","4","2","4","2","4","4","4","4","4","1","2","4","4","4","4","4","4","4","4","4","3","4","4","4","4","4","2","5","4","3","4","4","3","4","4","4","4","4","4","4","4","4","2","3","4","4","4","3","4","3","4","3","4","4","4","4","4","4","4","4","4","4","4","4","1","4","4","4","4","4","4","4","2","4","4","4","4",
"HOMER_QUIZ_1036684","","MULTICHOICE","3","1","3","3","3","3","3","3","3","5","3","3","5","3","3","3","3","3","3","3","3","3","3","3","3","3","3","3","3","3","3","3","3","3","3","3","3","3","3","3","3","3","3","3","3","3","3","3","3","3","3","3","3","3","3","3","3","3","3","3","3","3","3","3","5","5","3","3","3","3","3","3","3","5","3","3","3","3","3","3","2","3","3","3","3","5","3","3","3","3","3","3","3","2","3","3","3","3","3","3","5","3","5","3","3","3","3","3","3","3","3","3","3","3","3","3","3","3","3","3","3","3","3","3","3","3","3","3","3","3","5","3","3","3","3","3","1","3","3","3","3","3","3","5","3","5","3","3","3","3","3","3","3","2","3","3","3","3","5","3","5","3","3","3","3","3","3",
"HOMER_QUIZ_1036685","","MULTICHOICE","5","1","5","5","5","5","5","5","5","5","5","5","4","5","5","5","5","5","5","5","5","5","5","5","5","5","5","5","5","5","4","5","5","5","4","5","5","5","5","5","5","5","3","5","5","5","5","5","5","5","5","5","5","5","5","5","5","5","2","5","1","5","5","5","5","5","5","5","5","5","5","5","4","4","5","5","5","5","5","5","5","5","5","5","5","5","5","5","5","5","5","5","4","5","5","5","5","5","5","5","5","5","5","5","5","5","5","5","5","5","5","5","5","5","5","5","5","5","5","5","5","5","5","5","5","5","5","5","5","5","5","5","5","5","3","5","5","5","5","5","5","5","5","5","5","5","5","5","5","5","5","5","5","5","5","5","5","5","5","4","5","5","4","5","5","5","5",
"HOMER_QUIZ_1036686","","MULTICHOICE","3","1","4","4","3","3","2","3","3","3","3","3","3","3","3","4","3","4","3","4","3","3","4","3","4","3","2","3","4","3","3","3","2","3","3","2","3","3","3","4","4","3","3","3","3","3","3","3","3","1","3","4","3","3","3","3","4","3","3","3","4","3","2","4","3","3","3","4","3","3","3","3","3","4","2","3","3","4","3","3","3","3","3","4","4","3","3","4","3","3","4","2","3","1","3","3","3","3","3","3","1","3","3","3","3","3","3","3","3","3","3","3","4","1","3","3","3","2","4","3","3","3","3","3","3","4","3","5","3","4","3","3","3","3","3","3","3","3","3","2","4","3","3","3","3","3","4","3","3","3","1","4","3","3","4","3","3","3","1","4","3","1","3","3","3","3","3",
"HOMER_QUIZ_1036687","","MULTICHOICE","4","1","3","4","4","4","4","4","4","4","4","4","4","4","4","4","4","4","4","4","4","4","4","4","4","4","4","4","3","4","3","4","4","3","4","2","4","4","4","4","4","4","3","3","4","4","3","4","4","3","3","3","4","4","4","4","4","4","4","1","4","4","4","3","4","4","4","2","4","4","4","4","4","3","4","4","3","4","4","4","2","4","4","4","4","4","3","4","4","4","4","3","4","4","4","4","4","3","4","4","4","4","4","4","4","4","4","3","4","4","4","4","4","3","4","3","4","4","4","4","4","4","4","4","3","4","4","4","4","4","4","4","4","4","4","4","4","4","4","4","3","3","3","4","4","4","4","4","4","4","4","4","4","3","3","4","3","4","4","4","4","3","4","4","4","4","4",
"HOMER_QUIZ_1036688","","MULTICHOICE","4","1","4","4","3","3","4","4","4","3","4","4","4","3","5","3","4","4","4","3","3","3","4","4","3","2","4","4","4","4","3","3","3","4","3","4","4","4","4","3","4","3","4","4","4","3","4","3","4","3","4","3","4","4","4","2","3","4","4","4","3","2","4","3","3","4","4","4","4","4","4","4","3","4","4","3","3","4","4","3","4","4","3","2","4","4","3","3","4","4","3","4","4","3","4","4","4","4","4","4","3","4","4","3","4","3","4","4","4","4","4","4","4","4","3","3","3","3","4","3","3","2","4","4","4","4","4","4","2","4","4","3","4","4","4","3","4","3","4","4","4","4","4","3","4","2","3","4","4","4","3","4","4","2","4","4","4","4","4","3","3","3","4","4","4","1","4",
"HOMER_QUIZ_1036689","","MULTICHOICE","4","1","4","2","4","4","4","4","4","4","4","3","4","4","4","4","4","4","4","4","4","4","4","4","4","4","1","4","4","4","4","4","4","4","4","1","4","4","4","1","4","4","4","4","4","4","4","4","4","4","4","4","4","4","4","4","4","4","4","4","4","4","4","4","5","3","4","4","4","5","4","4","4","4","4","4","4","4","4","4","4","4","4","4","4","4","5","4","4","4","4","4","4","1","4","4","4","4","4","4","4","4","4","4","4","4","4","4","4","4","4","4","1","4","4","4","4","4","4","4","4","4","4","4","4","4","4","4","1","4","4","4","4","5","4","4","4","4","5","4","4","1","4","4","4","4","4","4","4","4","4","4","4","4","4","4","4","4","4","4","4","4","4","4","4","4","4",
"HOMER_QUIZ_1036690","","MULTICHOICE","3","1","3","3","3","3","3","3","3","3","3","3","3","3","3","3","3","3","3","3","3","3","3","3","3","3","3","3","3","3","3","3","3","3","3","2","3","3","3","3","3","3","3","3","3","3","3","3","3","3","3","3","3","3","3","3","3","3","3","3","3","3","3","3","3","3","3","3","3","3","3","3","4","3","3","3","3","3","3","3","3","3","3","3","3","3","3","3","3","3","3","3","3","3","3","3","3","3","3","3","3","3","3","3","3","3","3","3","3","3","3","3","3","3","3","3","3","3","3","3","3","3","3","3","3","3","3","3","3","3","3","3","3","3","3","3","3","4","2","3","3","3","3","3","4","3","3","3","3","3","3","3","3","3","3","3","3","3","3","3","3","3","3","3","3","3","3",
"HOMER_QUIZ_1036691","","MULTICHOICE","3","1","3","3","3","3","3","3","3","3","3","3","3","3","5","3","3","3","3","3","3","3","3","3","3","3","3","3","3","1","3","3","3","3","3","3","3","3","3","3","3","3","3","3","1","3","3","3","3","3","3","3","3","3","5","3","3","3","3","5","3","3","3","5","3","3","3","3","3","3","3","3","5","3","3","3","3","1","3","4","3","3","3","3","3","3","3","3","3","3","3","3","3","3","3","3","3","2","3","3","3","3","3","3","3","3","5","5","3","5","3","3","3","3","3","3","3","4","3","3","3","3","3","3","3","3","3","3","3","3","3","5","5","3","3","3","3","3","3","3","3","3","3","3","3","3","3","3","1","3","3","3","3","5","3","3","5","3","3","3","3","3","3","3","3","3","5",
"HOMER_QUIZ_1036692","","MULTICHOICE","5","1","5","5","5","5","1","5","5","5","5","5","5","5","4","5","4","4","5","3","5","5","5","5","5","5","5","5","5","5","5","3","5","4","5","4","5","5","5","4","5","2","5","5","5","5","5","5","5","5","5","5","5","5","5","5","3","5","5","5","5","4","5","5","5","5","5","5","5","5","5","5","4","5","5","5","5","2","5","5","3","1","5","5","5","5","5","5","5","5","5","5","5","5","3","5","5","5","5","5","5","5","5","5","5","2","5","5","5","5","5","5","5","5","5","5","5","5","5","5","5","5","5","5","5","5","5","5","5","5","5","5","5","5","5","5","5","5","5","3","5","5","5","5","5","5","5","5","5","5","5","5","5","5","5","5","5","5","2","5","5","5","5","5","5","5","5",
"HOMER_QUIZ_1036693","","MULTICHOICE","4","1","4","4","4","4","4","4","4","4","4","4","4","4","4","4","4","4","4","4","4","3","4","4","4","4","4","2","4","4","4","4","4","5","4","4","4","4","4","4","4","4","4","4","2","4","4","4","4","4","4","4","4","4","4","4","4","4","4","4","4","4","4","4","4","4","4","4","4","4","4","4","4","4","4","4","4","4","4","3","4","4","4","2","4","4","4","4","4","4","4","4","4","4","4","3","4","4","4","4","4","4","4","4","4","4","4","4","4","4","4","4","4","4","4","4","4","5","2","4","4","4","4","4","4","4","1","4","2","4","4","4","4","4","4","4","4","4","4","4","4","4","4","4","4","4","4","4","4","4","4","4","4","4","4","4","4","4","4","4","5","4","4","4","4","4","4",
"HOMER_QUIZ_1036694","","MULTICHOICE","2","1","2","2","1","3","2","1","2","2","2","2","3","1","1","1","1","2","1","3","1","1","2","1","2","1","1","2","2","5","3","2","1","5","1","3","1","5","1","1","2","2","1","2","3","1","1","1","2","1","2","2","2","2","2","2","1","2","2","2","2","2","3","3","5","1","2","2","2","2","2","3","3","3","5","1","2","1","2","5","2","5","1","1","1","2","1","1","3","2","1","1","5","2","2","1","1","1","2","2","1","1","1","1","3","1","2","3","2","2","5","1","1","3","2","1","2","1","1","1","2","1","2","1","2","1","2","1","2","1","4","4","2","2","3","1","1","1","2","5","2","2","1","2","1","1","3","1","2","5","1","2","4","2","4","1","4","2","2","2","3","2","2","2","2","2","2",
"HOMER_QUIZ_1036695","","MULTICHOICE","2","1","2","2","2","2","2","2","5","2","2","2","2","2","2","2","5","3","2","2","2","2","2","2","2","2","2","5","2","2","2","2","2","5","2","5","2","2","2","4","2","2","2","2","5","2","2","2","2","2","2","2","2","2","2","2","5","2","2","2","2","2","2","2","5","2","2","2","2","2","2","2","2","2","2","2","2","2","2","2","2","2","2","2","2","2","2","2","2","2","2","2","2","2","2","2","2","2","2","2","2","2","2","2","2","2","2","5","2","2","2","2","2","2","2","2","2","2","2","2","2","2","2","2","2","4","2","2","2","2","2","2","2","2","2","2","2","2","2","2","2","2","2","2","2","2","2","2","2","2","2","2","2","2","2","2","2","2","2","2","2","5","2","2","2","2","2",
"HOMER_QUIZ_1036696","","MULTICHOICE","2","1","2","2","2","2","2","2","2","2","2","2","2","3","2","2","2","2","2","2","2","3","2","2","2","2","2","2","2","2","2","2","2","3","3","2","2","2","2","2","2","2","2","4","3","2","2","2","2","2","2","2","2","2","3","3","2","2","2","2","3","2","2","2","2","2","2","2","2","2","2","2","4","2","2","2","2","2","2","2","3","2","2","2","2","2","2","2","2","2","3","3","2","3","2","2","2","2","2","2","2","2","2","2","2","2","3","2","2","2","2","2","1","2","2","2","2","3","3","2","2","2","2","2","2","2","2","3","2","3","3","2","2","2","2","2","2","2","2","2","3","2","2","3","3","2","2","2","2","2","3","2","2","2","2","2","2","4","2","3","3","3","2","2","1","2","3",
"HOMER_QUIZ_1036697","","MULTICHOICE","1","1","5","1","1","5","1","1","1","5","1","1","1","1","1","1","4","1","1","1","1","1","1","1","1","1","1","1","1","1","1","1","1","1","5","1","1","1","1","1","1","1","1","1","1","4","3","1","1","1","1","1","1","1","1","1","1","1","1","1","1","1","1","1","5","1","1","1","1","1","1","1","1","5","1","1","1","5","1","5","1","1","1","5","5","5","5","1","1","1","1","1","1","1","1","4","1","5","1","5","5","5","1","4","1","4","5","4","4","1","1","1","1","1","1","1","1","1","1","1","1","1","1","1","1","1","1","1","2","1","1","1","1","1","1","1","1","4","1","1","1","5","4","5","1","5","1","1","5","1","4","5","1","1","1","2","1","1","5","1","1","5","1","1","4","1","1",
"HOMER_QUIZ_1036698","","MULTICHOICE","1","1","4","1","1","2","3","1","1","1","1","1","4","4","3","1","2","1","1","1","2","4","1","1","1","1","1","1","1","1","1","1","1","1","1","4","1","1","1","4","4","4","4","2","2","1","4","1","1","1","1","4","1","4","1","1","1","2","1","2","1","4","1","2","4","2","1","4","1","2","1","4","1","1","1","1","1","4","1","1","4","2","1","1","3","1","4","1","1","2","1","5","4","1","1","2","1","1","4","4","1","1","4","4","1","1","2","2","2","1","1","1","4","1","1","4","3","4","2","1","1","4","1","1","1","1","1","1","1","1","4","1","3","4","1","1","4","3","1","2","1","4","1","4","1","1","1","2","1","3","1","2","1","4","3","4","4","4","1","3","2","2","1","2","4","4","4",
"HOMER_QUIZ_1036699","","MULTICHOICE","3","1","3","3","3","3","3","3","3","3","3","3","3","3","3","3","3","3","3","3","3","3","3","3","3","3","4","3","3","3","3","3","3","1","3","3","3","3","3","3","3","3","3","3","3","3","3","3","3","3","3","3","3","3","3","3","3","3","3","3","3","3","3","3","3","3","3","5","3","3","3","3","3","3","3","3","3","3","3","3","3","3","3","3","3","3","3","3","3","3","3","3","3","3","3","3","3","3","3","3","3","3","3","3","3","3","3","3","3","3","3","3","3","3","3","3","3","3","3","3","3","3","3","3","3","3","3","3","3","3","3","3","3","3","3","3","3","3","3","3","3","3","3","3","3","3","3","3","3","3","3","3","4","3","3","3","3","3","3","3","3","3","3","3","3","3","3",
"HOMER_QUIZ_1036700","","MULTICHOICE","5","1","5","5","5","5","5","5","5","5","1","5","4","5","2","5","5","5","5","2","5","5","5","5","5","5","5","5","5","5","5","5","5","5","5","5","5","5","5","5","5","5","5","5","5","5","5","5","5","5","5","5","5","5","5","5","5","5","5","5","5","5","5","5","5","5","5","3","5","5","5","5","5","5","5","5","5","5","5","5","5","5","5","5","5","5","5","5","5","5","5","5","5","5","5","5","5","5","5","5","5","5","5","5","5","5","5","5","5","5","5","5","5","5","5","5","5","5","5","5","5","5","5","5","5","5","5","5","5","5","5","5","5","5","5","5","5","5","5","5","5","5","5","5","5","5","5","5","2","5","5","5","5","5","5","5","5","5","5","5","5","5","5","5","5","5","5",
"HOMER_QUIZ_1036701","","MULTICHOICE","4","1","4","4","4","4","4","4","4","4","4","4","4","3","4","4","4","4","3","1","4","4","4","4","4","4","4","4","4","4","4","3","4","3","4","4","4","4","4","4","4","4","4","4","4","4","3","4","4","4","4","4","4","4","4","4","4","4","4","4","4","4","4","3","4","2","4","4","4","4","4","3","4","1","4","4","3","4","4","4","4","4","4","4","3","4","4","4","4","4","4","4","4","4","3","4","4","4","4","4","4","4","4","4","3","4","4","3","4","4","4","4","4","4","4","4","4","4","4","4","4","4","4","4","4","4","4","4","3","4","4","3","4","4","4","4","4","4","4","4","4","4","4","4","4","4","4","4","4","4","3","4","4","4","4","4","4","4","4","4","4","4","4","4","4","4","4",
"HOMER_QUIZ_1036702","","MULTICHOICE","5","1","2","2","5","5","5","5","5","5","5","5","5","5","5","5","5","5","5","5","5","5","2","5","2","5","2","5","5","5","5","5","5","5","2","5","2","5","4","2","5","5","4","5","5","2","5","5","5","5","5","2","5","5","5","5","5","5","5","5","2","5","5","5","5","5","5","5","5","5","5","5","5","2","5","5","5","5","4","5","5","5","5","3","5","5","5","5","5","5","5","5","2","4","5","5","5","2","5","5","5","5","5","1","5","5","5","5","4","5","4","5","5","5","5","4","5","5","5","5","5","1","5","5","2","5","5","2","5","5","1","4","5","5","5","5","4","5","5","5","3","5","5","2","5","5","5","5","2","5","3","5","5","4","5","5","5","5","5","5","5","5","4","5","5","5","2",
"HOMER_QUIZ_1036703","","MULTICHOICE","3","1","3","3","3","3","3","3","3","3","3","2","3","3","3","3","3","2","3","3","3","3","3","3","3","3","3","3","3","4","3","3","3","3","3","2","3","3","3","3","3","3","3","3","3","3","3","1","2","3","3","3","3","3","3","3","3","3","3","3","1","3","3","3","3","3","1","3","3","3","3","3","2","3","3","3","3","3","3","5","3","3","3","3","3","1","3","2","3","3","3","1","3","3","3","3","3","3","3","3","3","3","3","3","3","3","3","3","3","5","3","1","3","3","3","3","3","3","3","3","3","3","2","3","3","3","3","3","1","3","3","3","3","3","3","3","3","5","3","3","3","3","3","3","3","3","3","3","3","3","3","3","3","5","1","3","3","3","3","1","1","3","3","3","3","3","3",
"HOMER_QUIZ_1036704","","MULTICHOICE","1","1","1","1","1","1","1","1","1","1","1","1","3","1","1","1","1","1","1","4","1","1","1","1","1","1","1","1","1","1","1","1","1","1","3","1","1","1","3","1","1","1","1","1","1","1","1","1","2","4","1","1","2","1","1","1","4","1","1","1","1","1","1","3","1","1","1","1","1","1","1","1","1","1","1","1","1","1","1","1","1","1","1","1","1","1","4","1","2","1","1","1","1","3","1","1","1","1","1","1","1","1","3","4","1","1","1","1","1","1","2","1","1","1","1","1","1","1","1","1","1","3","3","1","1","1","3","1","1","1","1","1","3","1","2","1","1","1","1","2","1","1","1","1","1","1","1","1","2","4","1","1","4","3","2","2","1","1","1","1","1","1","2","1","3","2","2",
"HOMER_QUIZ_1036705","","MULTICHOICE","4","1","4","4","4","4","4","4","4","4","4","4","4","4","4","4","4","4","4","4","4","4","4","4","4","4","4","4","4","4","4","4","4","4","4","4","4","4","1","4","4","4","4","4","4","4","4","4","4","4","4","4","4","4","4","4","4","4","4","4","4","4","4","4","4","4","4","4","4","4","4","4","1","4","4","4","4","4","4","4","4","4","4","4","4","4","4","4","4","4","4","4","4","4","4","4","4","4","4","4","4","4","4","4","4","4","4","4","4","4","4","4","4","4","4","4","4","4","1","4","4","4","4","4","4","4","4","4","4","4","4","4","4","4","4","4","1","1","4","4","4","4","4","4","4","4","4","4","4","4","4","4","4","4","4","4","4","4","4","4","4","4","4","4","4","4","4",
"HOMER_QUIZ_1036706","","MULTICHOICE","3","1","3","3","3","3","3","3","3","3","3","3","3","3","3","3","3","3","3","3","3","3","3","3","3","3","3","3","3","3","3","3","3","4","3","3","3","3","3","3","3","1","3","3","3","3","3","3","3","4","3","3","3","3","3","3","3","3","3","3","3","3","3","3","2","3","3","3","3","3","3","3","1","3","3","3","3","3","3","3","3","3","3","3","3","3","3","3","1","3","3","3","3","3","3","3","3","3","2","3","3","3","3","3","3","3","3","3","3","3","3","3","3","3","3","4","3","3","3","3","3","3","4","3","4","3","3","3","3","3","3","3","3","3","3","3","3","3","3","3","3","3","3","3","3","3","3","3","3","3","3","3","3","4","1","3","3","3","3","3","3","3","3","3","3","3","3",
"HOMER_QUIZ_1036707","","MULTICHOICE","3","1","3","3","3","3","3","3","3","2","3","3","3","1","3","3","3","3","3","3","3","3","3","3","3","3","3","3","3","3","3","3","3","3","3","3","3","3","3","3","3","3","3","3","3","3","3","4","3","4","3","3","3","3","3","3","3","3","3","3","3","3","3","3","3","3","3","3","3","3","3","3","3","3","3","3","3","3","1","3","3","3","3","1","3","3","3","3","3","3","3","3","3","3","3","3","3","3","3","3","3","3","1","3","3","3","3","3","3","3","3","3","3","3","3","3","3","3","3","3","3","3","3","3","3","3","1","3","3","3","3","3","3","3","3","3","3","1","3","3","3","3","2","3","3","3","3","3","3","3","3","3","3","1","3","3","3","3","1","3","3","3","3","3","3","3","3",
"HOMER_QUIZ_1036708","","MULTICHOICE","1","1","1","3","1","1","1","1","1","1","1","1","1","1","1","1","1","1","1","1","1","1","2","1","1","1","1","1","1","1","4","1","1","1","3","1","1","1","1","1","1","3","1","3","1","3","1","1","1","1","1","1","1","2","1","1","1","1","1","1","1","1","1","1","1","1","3","3","1","1","1","1","4","1","1","1","1","1","1","1","1","1","1","3","1","1","1","1","1","1","1","1","1","1","1","2","1","1","1","1","1","1","1","1","3","5","1","1","1","2","1","1","1","1","1","1","1","1","1","1","1","1","3","1","1","1","1","1","3","1","1","1","1","1","1","1","1","1","3","1","1","1","1","5","1","1","1","1","1","1","1","1","1","1","5","1","1","1","1","1","1","3","1","1","3","1","1",
"HOMER_QUIZ_1036709","","MULTICHOICE","4","1","4","4","4","4","4","4","4","4","4","4","4","4","4","4","4","4","4","4","4","4","4","4","4","4","4","4","4","4","4","4","4","1","4","4","4","4","4","4","4","4","4","1","4","4","4","4","4","4","4","4","4","4","4","4","4","4","4","4","5","4","4","4","4","4","4","4","4","4","5","4","4","4","4","4","4","4","4","4","4","4","4","4","4","4","4","4","4","4","4","4","4","4","4","1","4","4","4","4","4","4","4","4","4","1","4","4","4","4","4","4","4","4","4","4","4","3","4","4","4","4","4","4","4","4","4","4","4","4","4","4","4","4","4","4","4","1","4","4","4","4","4","4","4","4","4","4","4","4","4","1","4","4","4","4","4","4","4","4","4","4","1","4","4","4","4",
"HOMER_QUIZ_1036710","","MULTICHOICE","2","1","5","4","4","4","3","2","2","4","2","2","2","4","3","1","3","4","2","4","2","3","1","3","4","2","3","2","2","2","4","4","4","2","1","4","1","2","4","3","1","3","2","4","2","1","3","1","3","3","4","1","4","4","3","5","1","4","2","2","3","3","2","2","1","1","4","4","3","3","3","2","4","1","1","2","4","3","3","3","1","3","4","2","2","3","4","4","1","4","1","4","4","3","1","3","1","4","4","2","3","3","3","3","4","5","3","2","4","2","1","2","1","4","3","3","3","1","1","4","4","3","2","2","4","1","5","4","2","4","3","4","2","2","2","1","2","1","3","4","2","2","1","2","3","1","1","4","1","3","1","1","3","3","1","2","1","4","2","4","4","4","2","4","4","4","4",
"HOMER_QUIZ_1036711","","MULTICHOICE","3","1","3","4","3","4","4","3","3","3","5","3","3","3","4","4","3","3","3","4","5","4","4","3","4","3","3","3","3","4","3","3","3","4","3","4","3","3","3","3","5","3","4","3","3","4","3","3","3","4","3","3","4","5","3","4","4","5","3","3","5","3","3","3","3","3","3","3","3","3","4","3","3","4","3","4","4","4","4","4","3","3","3","3","3","3","3","3","3","3","3","3","3","4","4","4","3","3","3","3","3","4","3","3","4","3","4","3","4","4","4","3","3","5","4","4","4","5","3","3","3","3","3","4","3","3","4","3","3","4","3","3","4","3","3","4","3","3","4","3","3","3","4","3","3","3","4","3","3","3","4","3","4","4","3","4","3","3","4","3","4","3","3","4","3","3","3",
"HOMER_QUIZ_1036712","","MULTICHOICE","1","1","1","1","1","1","5","1","1","1","1","1","1","1","1","1","1","1","1","1","1","1","1","1","3","1","1","1","1","1","1","1","1","1","2","1","1","1","1","2","1","1","1","1","1","1","1","1","4","1","1","1","1","1","1","1","1","1","1","1","1","1","1","1","2","1","1","1","1","1","3","1","1","1","1","1","1","1","1","1","1","1","4","1","1","1","1","1","1","1","1","1","1","1","1","1","1","5","1","1","1","1","1","1","1","1","1","1","1","1","3","1","1","1","1","2","1","3","1","1","1","1","1","1","1","1","2","3","4","3","2","1","1","4","1","1","1","1","1","1","4","1","1","5","3","1","1","1","1","1","1","1","3","1","1","1","3","1","1","3","1","1","2","1","1","1","1",
"HOMER_QUIZ_1036713","","MULTICHOICE","4","1","4","4","4","4","3","4","4","4","4","4","4","4","4","4","3","4","4","4","4","4","4","4","4","4","3","4","4","4","5","4","4","4","4","4","4","4","4","4","4","4","4","3","4","4","4","4","4","4","4","4","4","4","4","4","4","4","4","4","2","3","4","4","4","4","4","4","4","4","4","4","5","4","4","4","4","4","4","3","4","4","4","4","4","3","4","4","4","4","4","4","3","4","4","4","4","4","4","4","2","4","4","4","4","3","4","4","3","4","4","4","4","4","4","4","4","3","4","4","4","4","4","4","4","4","4","4","4","3","3","4","4","4","4","4","4","4","4","4","4","4","4","4","4","4","4","4","4","4","4","4","4","4","4","4","4","4","4","4","4","4","4","4","4","4","4",
"HOMER_QUIZ_1036714","","MULTICHOICE","2","1","2","2","2","2","2","2","2","2","2","2","2","2","2","2","2","2","2","2","1","2","2","2","2","3","2","2","2","2","2","1","2","2","2","2","2","2","2","2","2","2","2","2","2","2","2","2","2","2","2","2","1","2","2","2","2","2","2","2","2","1","2","2","2","2","2","3","2","2","2","2","2","2","2","2","2","2","2","2","2","2","2","2","2","2","2","2","2","2","2","2","2","2","2","2","2","2","2","2","2","2","2","2","2","2","2","1","2","2","2","2","2","2","2","2","2","2","2","2","2","2","2","2","2","2","2","2","2","2","2","2","2","2","2","2","1","2","2","2","2","2","2","2","2","3","2","2","2","3","5","2","2","2","2","2","2","2","2","2","2","2","2","2","2","2","2",
"HOMER_QUIZ_1036715","","MULTICHOICE","5","1","5","5","5","5","3","5","5","5","5","5","5","5","5","5","5","5","5","1","5","5","5","5","5","5","5","5","5","5","5","5","5","4","3","5","5","5","5","3","5","5","5","5","3","5","5","5","5","5","5","5","5","5","5","3","5","5","5","5","3","5","5","5","3","5","5","5","5","4","5","5","5","5","5","5","1","5","5","4","1","5","5","5","5","3","2","5","5","5","5","5","5","5","5","5","5","5","5","5","5","5","5","4","5","3","5","5","5","5","5","5","5","5","5","5","5","5","5","5","3","3","5","5","5","5","5","5","5","5","3","5","5","5","5","5","5","5","5","5","5","5","5","3","3","5","5","5","5","5","4","5","4","5","5","5","5","5","3","5","5","5","5","5","5","5","5",
"HOMER_QUIZ_1036716","","MULTICHOICE","4","1","4","4","4","4","4","4","4","4","4","4","4","4","4","4","4","4","4","4","4","4","4","4","4","4","4","4","4","4","4","4","4","4","4","4","4","4","4","4","4","4","4","4","4","4","4","4","4","4","4","4","4","4","4","4","4","4","4","4","4","4","4","4","4","4","4","4","4","4","4","4","4","4","4","4","4","4","4","4","2","4","4","4","4","4","4","4","4","4","4","4","4","4","4","4","4","4","4","4","4","4","4","4","4","4","4","4","4","3","4","4","4","4","4","4","4","4","5","4","4","4","4","4","4","4","4","4","4","4","4","4","4","4","4","4","4","4","4","4","4","4","4","4","2","4","4","4","4","4","4","4","4","4","4","4","4","4","4","4","4","4","4","4","4","4","4",
"HOMER_QUIZ_1036717","","MULTICHOICE","1","1","1","1","1","1","1","1","1","1","1","1","1","1","1","1","1","1","1","1","1","1","1","1","1","1","1","1","1","1","1","1","1","1","1","1","1","1","1","1","1","1","1","1","1","1","1","4","1","1","1","1","1","1","1","1","1","1","1","1","1","1","1","1","1","1","1","1","1","1","1","1","2","1","1","1","1","1","1","1","1","1","1","1","1","1","1","2","1","1","1","1","1","3","1","2","1","1","1","1","1","1","1","1","1","1","1","1","1","1","1","1","1","1","2","1","1","1","1","1","1","1","1","1","1","1","4","1","1","1","1","1","1","2","1","1","1","1","1","1","1","1","1","1","1","1","1","1","1","1","1","1","1","1","1","2","1","1","2","1","1","3","1","1","1","1","2",
"HOMER_QUIZ_1036718","","MULTICHOICE","3","1","3","3","5","3","3","3","5","3","3","3","3","3","5","3","3","5","3","3","3","3","3","3","3","3","3","3","3","3","5","3","3","4","3","4","3","3","5","3","3","5","3","3","3","3","3","3","3","3","3","5","3","3","5","3","3","3","3","3","5","5","5","2","3","5","3","3","5","3","3","3","3","3","3","3","4","5","5","3","5","5","3","3","3","3","5","3","3","3","3","3","3","5","3","3","3","3","3","3","3","3","3","3","3","5","3","3","3","3","3","3","3","4","3","5","3","3","3","3","3","3","3","3","3","5","5","4","3","3","3","3","3","5","3","5","3","2","3","5","3","5","5","3","5","3","3","3","5","3","3","3","3","3","5","5","3","3","2","3","3","3","5","3","3","3","5",
"HOMER_QUIZ_1036719","","MULTICHOICE","5","1","5","5","5","5","5","5","5","5","5","5","5","5","5","5","5","5","5","5","5","5","4","5","5","5","5","5","5","5","5","5","5","4","5","5","5","5","5","5","5","4","4","5","5","5","5","5","5","5","5","5","5","5","5","5","5","5","5","5","5","5","5","5","5","5","5","5","5","5","5","5","5","5","5","5","5","5","5","5","5","5","5","5","5","5","5","5","5","5","5","5","5","5","5","5","5","5","5","5","5","5","5","5","5","5","5","5","5","5","5","5","4","5","5","5","5","5","3","5","5","5","5","5","4","5","5","5","5","5","5","5","5","5","5","5","5","5","5","5","5","5","5","5","5","5","5","5","5","5","5","5","5","5","5","5","5","5","5","5","5","3","5","5","5","5","5",
"HOMER_QUIZ_1036720","","MULTICHOICE","4","1","4","2","4","4","4","4","4","4","4","2","2","4","4","4","5","4","2","4","4","4","4","4","4","4","4","4","4","4","4","4","4","5","4","2","4","4","4","4","4","4","4","5","4","4","4","4","4","4","4","4","5","4","5","4","4","4","4","4","2","4","4","4","4","4","2","4","4","4","4","4","4","4","4","4","4","4","2","2","4","4","4","4","2","4","2","4","4","4","4","4","4","4","4","4","4","4","4","4","2","4","4","4","4","4","4","4","2","5","4","4","4","4","5","2","4","5","4","4","4","4","4","4","4","2","4","4","4","2","2","4","4","4","4","4","4","4","4","2","4","4","2","2","2","4","4","4","2","4","4","4","4","4","2","4","4","4","4","4","4","4","4","4","4","4","2",
"HOMER_QUIZ_1036721","","MULTICHOICE","3","1","3","3","3","3","3","3","3","2","3","3","2","3","3","3","3","3","3","3","3","3","3","3","3","3","3","3","3","3","3","3","3","3","3","3","3","3","3","3","3","3","3","3","3","3","3","3","3","3","2","3","3","3","3","3","3","3","3","2","3","3","3","3","3","3","3","3","2","3","3","3","3","2","3","3","3","3","2","3","3","3","3","3","3","3","3","2","3","3","3","3","2","3","3","3","3","2","3","3","3","3","3","3","3","3","3","3","3","3","3","2","3","3","3","3","3","3","3","3","3","3","2","3","3","3","3","3","3","3","3","2","3","3","3","3","2","3","2","3","3","3","3","3","3","3","3","3","3","3","3","3","3","3","3","3","3","3","2","3","2","3","3","3","3","3","3",
"HOMER_QUIZ_1036722","","MULTICHOICE","2","1","2","2","2","2","2","2","2","2","2","2","4","2","2","2","2","2","2","2","2","2","2","2","2","2","2","2","2","2","2","2","2","3","2","2","2","2","2","2","2","2","2","2","2","2","2","2","2","2","2","2","2","2","2","2","2","2","2","2","2","2","2","2","2","2","2","2","2","2","2","2","2","2","2","2","2","2","2","2","2","2","2","2","2","2","2","2","2","2","2","2","2","2","2","2","2","2","2","2","2","2","2","2","2","2","2","2","2","2","2","2","2","2","2","2","2","5","2","2","2","2","2","2","2","2","2","2","2","2","2","2","2","2","2","2","2","2","2","2","2","2","2","2","2","2","2","2","2","2","2","2","2","2","2","2","2","2","2","2","2","2","2","2","2","2","2",
"HOMER_QUIZ_1036723","","MULTICHOICE","3","1","4","3","3","3","4","1","3","3","3","1","1","3","3","3","1","3","3","5","3","1","3","3","1","1","1","3","3","1","3","2","3","1","5","3","3","3","3","3","3","5","3","5","3","1","1","2","3","2","2","3","2","3","3","3","4","1","3","3","1","3","2","3","3","1","3","1","3","3","1","3","4","1","4","5","3","1","1","2","1","1","3","3","3","3","1","3","2","3","3","1","3","1","3","1","3","2","3","3","3","1","1","3","1","3","1","3","5","3","1","3","5","3","1","1","3","5","3","2","1","5","3","3","3","1","3","3","3","3","1","3","2","3","1","3","3","3","2","3","3","2","3","3","3","1","3","3","3","3","3","2","1","1","1","1","1","3","1","1","1","2","1","1","1","2","3",
"HOMER_QUIZ_1036724","","MULTICHOICE","1","1","3","1","4","1","3","1","1","1","1","1","1","4","1","1","4","1","1","1","1","4","1","4","1","1","1","1","1","1","1","1","1","1","1","1","1","4","1","2","4","4","4","1","5","1","4","1","1","1","1","1","4","1","1","1","1","1","4","1","1","1","1","4","4","1","4","1","1","4","4","1","1","1","5","1","4","5","1","1","1","4","1","1","1","4","4","4","4","4","4","4","1","3","1","5","4","1","1","1","1","1","5","1","1","4","1","4","1","3","1","1","1","1","1","4","1","1","1","3","4","1","4","1","4","1","4","1","4","1","4","2","1","1","4","1","3","1","1","4","1","1","4","4","4","1","4","1","5","1","1","1","4","1","1","4","1","1","1","1","1","1","1","1","4","4","1",
"HOMER_QUIZ_1036725","","MULTICHOICE","3","1","3","3","3","1","4","3","3","2","3","3","3","3","3","3","3","3","3","3","3","3","3","3","3","3","4","3","3","3","4","3","3","3","3","1","3","3","3","4","3","3","2","3","3","3","3","3","3","3","3","3","3","3","3","3","3","3","3","3","3","3","1","3","3","3","3","1","3","3","3","3","1","3","3","3","3","3","3","3","3","3","3","3","3","3","1","3","3","3","3","3","3","1","3","3","3","3","3","3","3","3","3","3","3","3","3","3","3","3","3","3","3","3","3","3","3","3","3","3","3","3","3","3","3","1","3","3","1","3","1","3","3","3","3","3","1","1","3","3","3","3","3","3","3","4","3","3","3","3","3","3","3","3","3","3","3","3","3","3","3","1","3","3","3","3","3",
"HOMER_QUIZ_1036726","","MULTICHOICE","2","1","2","2","3","2","2","2","2","3","2","2","4","2","2","2","2","2","2","2","2","2","2","2","2","2","3","3","4","2","2","2","2","2","3","3","2","2","2","2","2","4","2","2","2","2","2","2","2","2","2","4","2","2","4","2","2","2","2","2","2","2","2","2","2","4","3","2","2","2","2","2","4","2","2","2","2","2","2","2","3","2","2","3","2","2","2","2","2","2","2","3","2","2","2","2","2","4","2","2","2","2","2","2","2","4","2","2","3","2","2","2","2","2","4","2","2","2","2","2","2","2","4","2","2","2","2","3","2","2","4","2","2","3","2","4","4","1","4","1","2","2","2","2","2","2","2","2","2","4","3","2","3","2","2","2","2","2","2","2","2","4","2","4","2","2","2",
"HOMER_QUIZ_1036727","","MULTICHOICE","5","1","5","5","5","5","5","5","5","5","5","5","5","5","5","5","5","5","1","5","1","5","5","5","1","5","1","5","5","5","5","5","5","1","1","5","5","5","5","1","5","5","1","5","1","1","5","5","1","1","5","5","5","5","5","5","2","5","5","5","1","5","5","5","1","5","5","5","5","1","5","5","5","5","5","5","5","5","1","2","1","5","5","1","5","1","5","5","5","5","5","5","5","5","5","1","1","1","5","5","5","5","1","1","5","1","5","5","5","5","5","5","5","5","5","5","5","5","5","5","1","5","5","5","5","5","5","5","5","5","5","5","5","1","1","5","5","5","5","2","2","2","5","5","1","5","5","5","1","5","5","5","5","2","5","5","1","5","5","2","5","1","5","5","5","5","5",
"HOMER_QUIZ_1036728","","MULTICHOICE","1","1","1","1","1","1","1","1","1","1","1","1","1","1","1","1","1","1","1","1","1","1","1","1","1","1","2","1","1","1","1","1","1","1","1","1","1","1","1","1","1","1","1","5","1","1","1","1","1","1","1","1","1","1","1","1","1","1","1","1","1","1","1","1","1","5","1","1","1","1","1","1","5","1","1","1","1","1","5","1","1","1","1","1","1","1","1","1","1","1","1","1","1","2","1","1","1","1","1","1","5","1","1","1","1","1","1","1","1","1","1","1","1","1","1","1","1","1","1","1","1","1","1","1","1","1","1","1","1","1","1","1","1","1","1","1","1","1","1","1","5","5","1","1","1","1","1","1","1","1","1","1","1","1","1","1","2","1","1","1","1","1","1","1","1","1","1",
"HOMER_QUIZ_1036729","","MULTICHOICE","2","1","2","2","2","2","2","2","2","2","1","2","2","2","2","2","2","2","2","2","2","2","2","2","2","2","2","2","2","2","2","2","2","2","2","2","2","2","2","2","2","2","2","2","2","2","2","2","2","2","2","2","2","2","2","2","2","2","2","2","2","2","2","2","2","2","2","2","2","2","2","2","2","2","2","2","2","2","2","2","2","2","2","2","2","2","2","2","2","2","2","2","2","2","2","2","2","2","2","2","2","2","2","2","2","2","2","2","2","2","2","2","2","2","2","1","2","2","2","2","2","2","2","2","2","2","1","2","2","2","2","2","2","2","2","2","2","2","2","2","2","2","2","2","2","2","2","2","2","1","2","2","2","2","2","2","2","2","2","2","2","2","2","2","2","2","2",
"HOMER_QUIZ_1036730","","MULTICHOICE","5","1","5","5","5","5","5","5","5","5","5","5","5","5","5","5","5","5","5","5","5","5","5","5","5","5","5","5","5","5","5","5","5","5","5","5","5","5","5","5","5","5","5","5","5","5","5","5","5","5","5","5","5","5","5","5","5","5","5","2","5","5","5","5","5","5","5","5","5","5","5","5","5","5","5","5","5","5","5","5","5","5","5","5","5","5","5","5","5","5","5","5","5","5","5","5","5","5","5","5","5","5","5","5","5","5","5","5","5","5","5","5","5","5","5","5","5","5","5","5","5","5","5","5","5","5","5","5","5","5","5","5","5","5","5","5","5","5","5","5","2","5","5","5","5","5","5","5","5","5","5","5","5","2","5","5","5","5","5","5","5","5","5","5","5","5","5",
"HOMER_QUIZ_1036731","","MULTICHOICE","3","1","5","3","3","4","3","3","3","3","3","3","3","3","3","3","3","3","3","4","3","3","3","3","3","3","3","3","3","3","3","3","3","3","5","3","3","3","4","4","3","4","3","3","3","3","4","3","3","5","3","3","1","5","3","3","5","3","3","5","5","3","3","4","3","3","1","3","3","3","3","3","3","3","1","3","3","4","3","3","5","3","3","3","3","3","3","3","4","3","3","4","3","3","3","3","3","3","3","3","3","3","3","5","3","3","3","3","3","3","3","3","3","3","3","5","1","3","3","3","3","3","3","3","3","3","3","3","1","4","5","3","3","3","3","3","4","4","1","3","3","4","1","5","3","3","3","3","4","3","5","3","3","3","1","3","3","3","3","3","3","4","3","1","3","3","3",
"HOMER_QUIZ_1036732","","MULTICHOICE","3","1","4","2","3","3","2","3","3","4","3","3","4","3","5","5","3","4","3","5","2","2","3","5","5","3","3","3","4","2","2","3","3","2","1","2","4","5","2","4","3","4","2","3","2","5","3","3","2","3","3","5","3","2","3","3","5","2","3","3","2","5","2","4","2","4","5","3","2","3","3","3","2","5","5","3","3","3","4","3","4","3","2","3","3","4","4","2","3","4","3","3","3","4","3","5","3","2","3","5","5","2","2","3","2","2","3","3","4","5","4","3","4","3","4","3","4","4","5","3","4","1","4","3","4","2","2","3","3","5","2","4","4","3","2","3","3","5","2","5","4","3","2","5","3","5","4","5","4","5","2","3","5","4","2","3","4","3","4","3","3","3","5","3","3","4","4",
"HOMER_QUIZ_1036733","","MULTICHOICE","1","1","4","1","1","2","1","1","1","3","1","1","1","4","4","1","1","1","1","1","3","4","1","1","1","4","1","1","1","2","1","1","4","4","2","1","1","1","1","3","1","3","1","1","1","1","1","1","4","1","4","2","1","2","1","1","2","1","4","1","1","1","1","1","1","4","1","1","1","1","1","1","1","1","1","1","1","4","1","1","2","4","1","2","1","1","1","1","1","1","1","4","1","3","1","1","1","1","1","1","3","2","2","1","1","1","1","1","3","1","1","2","1","1","1","4","1","2","2","1","1","1","2","1","1","1","2","1","1","1","1","1","1","2","1","1","1","1","1","1","1","4","4","1","4","1","2","2","1","1","3","2","4","1","4","4","2","1","4","4","4","1","2","1","1","3","2",
"HOMER_QUIZ_1036734","","MULTICHOICE","2","1","2","2","2","2","2","2","2","2","2","2","5","2","2","2","2","2","2","2","2","2","2","2","2","2","2","2","2","2","2","2","2","2","2","2","2","2","5","2","2","2","2","2","2","2","2","2","2","2","2","2","2","2","2","2","2","2","2","2","5","1","2","2","2","2","2","2","2","2","2","2","2","2","2","2","2","2","2","2","2","2","2","2","2","2","2","2","2","2","2","2","2","2","2","2","2","2","2","2","2","2","2","2","2","2","2","2","2","2","2","2","2","2","2","2","2","3","2","2","2","2","2","2","2","2","2","2","2","2","2","2","2","2","2","2","2","2","2","2","2","2","2","2","1","2","2","2","2","2","2","2","2","2","2","5","2","2","2","2","2","2","2","2","2","2","5",
"HOMER_QUIZ_1036735","","MULTICHOICE","4","1","3","4","3","1","4","4","4","4","4","4","4","3","3","3","4","4","4","4","4","3","3","4","4","4","4","4","4","3","4","4","4","4","3","3","3","4","3","4","3","4","1","4","4","1","3","3","4","4","4","3","4","4","3","4","4","3","4","3","3","5","4","4","1","4","4","4","4","4","4","4","3","4","4","4","4","4","4","4","3","3","4","3","4","4","4","4","4","3","4","3","2","3","4","3","4","4","4","4","4","4","4","1","4","3","4","4","4","1","4","3","4","4","4","3","3","4","3","4","4","4","4","4","3","3","3","3","4","3","3","4","4","4","4","4","4","4","3","4","4","4","3","4","3","4","4","4","4","3","4","3","3","3","3","3","4","4","4","3","5","4","3","4","4","4","4",
"HOMER_QUIZ_1036736","","MULTICHOICE","1","1","1","1","1","1","1","1","1","1","1","1","2","1","4","1","1","1","1","4","1","1","1","1","1","1","4","1","1","1","1","4","1","1","1","1","1","1","1","1","1","4","1","1","1","1","4","1","3","1","1","1","1","1","1","1","1","1","1","1","4","1","1","1","1","4","4","1","1","1","1","1","1","1","1","1","1","4","1","1","1","1","1","1","1","1","1","1","1","1","1","1","4","2","1","1","1","1","1","1","1","1","1","1","1","1","1","1","1","1","1","1","1","1","1","4","1","1","1","1","1","1","1","1","1","1","1","1","1","1","1","1","1","4","1","1","1","1","1","1","1","1","1","1","1","1","1","1","4","1","1","1","1","1","1","1","1","1","1","1","1","1","1","1","1","1","1",
"HOMER_QUIZ_1036737","","MULTICHOICE","3","1","1","1","1","4","1","3","3","3","3","1","1","1","3","3","3","1","1","3","1","1","3","1","3","1","3","1","3","1","3","1","3","1","1","1","3","3","1","4","1","3","3","1","1","3","3","1","3","1","3","1","3","3","3","1","1","3","1","3","3","3","1","1","3","3","1","3","3","3","3","3","4","3","3","3","1","3","1","1","3","1","3","1","1","3","1","3","1","1","1","1","3","1","3","1","3","3","1","3","3","3","1","3","3","3","1","3","3","1","3","1","3","1","1","1","1","3","3","3","3","3","1","3","3","3","3","3","1","3","1","3","3","1","3","3","3","1","1","1","3","1","1","3","1","1","3","3","3","3","3","3","3","1","1","1","3","3","2","1","1","4","3","3","1","3","3",
"HOMER_QUIZ_1036738","","MULTICHOICE","1","1","1","5","1","1","2","1","1","3","1","1","1","2","1","2","1","1","1","3","1","1","1","5","3","2","3","1","1","1","1","1","1","4","5","3","1","1","1","1","1","1","1","1","3","1","1","1","1","1","1","1","1","1","1","3","1","1","1","1","1","1","1","1","5","1","1","1","1","1","1","1","3","3","1","1","1","1","1","3","3","1","1","1","1","4","1","1","1","1","1","3","1","3","1","3","1","1","1","1","3","1","5","1","3","1","2","2","1","3","2","1","1","1","1","1","1","5","1","1","1","1","1","1","1","4","1","1","3","3","1","1","1","1","1","3","1","3","1","1","1","3","1","5","1","1","1","1","1","1","1","1","1","1","1","5","1","1","3","5","3","1","1","1","1","1","3",
"HOMER_QUIZ_1036739","","MULTICHOICE","5","1","5","2","1","4","5","5","5","1","4","5","5","5","1","5","3","3","5","4","5","5","5","4","4","5","5","5","4","5","5","5","5","5","4","1","5","4","1","5","5","5","5","4","4","5","5","5","5","3","1","5","5","4","4","4","4","4","4","4","4","3","5","4","5","5","1","4","5","5","5","4","5","5","4","4","5","5","1","1","5","5","5","5","5","5","5","4","5","5","4","4","5","5","5","1","4","5","4","5","4","5","4","5","3","2","5","5","5","1","5","4","4","4","5","5","4","4","5","5","5","5","5","5","3","5","4","1","3","5","2","4","4","5","5","5","5","3","5","5","4","3","5","5","5","5","5","4","5","3","3","5","5","4","4","5","1","5","4","4","5","4","5","5","5","5","4",
"HOMER_QUIZ_1036740","","MULTICHOICE","3","1","3","3","3","3","1","3","3","3","2","3","3","3","1","3","3","3","3","3","3","3","3","3","3","3","1","3","3","3","1","3","3","3","1","3","3","3","3","1","1","1","3","3","3","3","3","3","3","3","1","1","1","3","1","3","3","3","3","3","1","3","1","1","3","3","1","3","3","3","3","3","3","3","1","3","3","1","1","3","1","3","1","1","1","1","1","3","3","3","3","1","3","3","1","3","3","1","3","3","3","3","3","3","3","1","3","3","3","3","3","3","3","1","3","3","3","3","3","1","3","1","1","3","3","3","3","3","3","3","3","3","1","3","1","1","3","1","3","3","3","1","3","1","3","3","3","3","3","3","1","3","3","3","1","1","3","3","1","3","1","1","3","3","3","3","1",
"HOMER_QUIZ_1036741","","MULTICHOICE","4","1","4","4","4","4","4","4","4","4","4","4","4","4","4","4","4","4","4","4","4","4","4","4","4","4","4","4","4","4","4","4","4","4","4","4","4","4","4","4","4","4","4","4","4","4","4","4","4","4","4","4","4","4","4","4","4","4","4","4","4","4","4","4","4","1","4","4","4","4","4","4","4","4","4","4","4","4","4","4","4","4","4","4","4","4","4","4","4","4","4","4","4","4","4","4","4","4","4","4","4","4","4","4","4","4","4","4","4","4","4","4","4","4","4","4","4","4","4","4","4","4","4","4","4","4","4","4","4","4","4","4","4","4","4","4","4","4","4","4","4","4","4","4","4","4","4","4","4","4","4","4","4","4","4","4","4","4","4","4","4","4","4","4","4","4","4",
"HOMER_QUIZ_1036742","","MULTICHOICE","4","1","4","4","4","4","4","4","4","4","4","4","1","2","3","3","4","4","4","4","4","4","4","4","2","4","3","1","3","4","4","3","4","3","4","2","4","4","3","2","4","4","3","3","4","3","4","4","4","4","4","3","4","4","2","4","4","4","4","4","2","4","4","2","4","4","4","4","4","1","4","4","3","4","4","3","4","2","4","4","2","4","4","4","4","4","4","4","4","3","4","4","3","3","4","4","2","2","4","4","4","1","1","3","3","3","4","4","3","4","2","3","4","4","4","4","4","4","2","4","1","3","4","4","4","4","3","4","3","4","4","4","4","3","2","4","4","1","4","4","4","4","4","4","4","4","4","4","3","4","3","4","4","3","3","3","4","3","4","4","3","3","4","4","4","4","1",
"HOMER_QUIZ_1036743","","MULTICHOICE","5","1","5","5","5","5","5","5","5","1","5","5","5","5","5","5","5","5","5","5","5","5","5","5","5","5","5","5","5","5","5","5","2","5","2","3","5","5","5","5","5","5","5","5","5","5","5","3","5","1","1","5","5","5","5","5","5","5","1","5","5","3","5","5","5","5","5","5","3","5","5","5","5","5","5","5","5","5","5","5","5","1","5","5","5","5","5","5","5","5","1","5","1","1","5","5","5","1","5","5","5","5","5","5","5","2","5","5","1","5","5","5","3","5","5","3","5","5","5","5","5","5","1","5","5","5","5","5","5","5","5","5","5","1","5","5","5","5","5","5","5","5","1","5","3","5","5","5","1","5","5","5","1","5","5","5","5","5","3","5","5","5","5","5","5","3","5",
"HOMER_QUIZ_1036744","","MULTICHOICE","1","1","1","1","1","1","1","1","1","1","1","1","1","1","1","1","1","1","1","1","1","1","1","1","1","1","1","1","1","1","1","1","1","1","1","1","1","1","1","2","1","1","1","1","1","1","1","1","1","1","1","1","1","1","1","1","1","1","1","1","1","1","1","1","1","1","1","1","1","1","1","1","2","1","1","1","1","1","1","1","1","1","1","1","1","1","1","1","1","1","1","1","1","3","1","1","1","1","1","1","1","1","1","1","1","1","1","1","1","1","1","1","1","1","1","1","1","1","1","1","1","1","1","1","1","1","1","1","1","1","1","1","1","1","1","1","1","3","1","1","1","1","1","1","1","1","1","1","1","1","1","1","1","1","1","1","1","4","1","1","1","1","1","1","3","1","5",
"HOMER_QUIZ_1036745","","MULTICHOICE","4","1","4","4","4","3","4","4","4","1","4","4","4","4","4","4","4","4","4","4","4","4","4","4","4","4","4","4","4","4","4","4","4","4","4","1","4","4","4","4","4","4","4","2","4","4","4","4","4","4","4","4","4","4","4","4","4","4","4","4","4","4","4","4","4","4","4","4","4","4","4","4","2","4","4","4","4","4","4","4","4","4","4","4","4","4","4","4","4","4","4","4","4","4","4","4","4","4","4","4","4","4","4","4","4","2","4","4","4","4","4","4","4","4","4","4","4","4","4","4","4","4","4","4","4","4","4","4","4","4","4","4","4","4","4","4","4","4","4","4","4","4","1","4","4","4","4","4","3","4","4","4","4","4","4","1","4","4","5","4","4","1","4","4","4","4","4",
"HOMER_QUIZ_1036746","","MULTICHOICE","2","1","2","2","2","1","2","2","2","2","2","2","2","1","2","2","2","2","2","3","2","2","2","2","2","2","2","2","2","2","1","2","1","2","3","3","2","2","2","2","2","2","1","2","2","2","2","2","2","2","2","2","2","2","2","2","2","2","2","2","1","2","2","2","2","2","2","2","2","2","2","2","2","2","2","2","2","2","2","2","2","2","2","2","2","2","2","2","2","2","2","2","2","2","2","2","2","2","2","1","2","1","2","2","2","2","2","2","2","2","2","2","2","2","2","2","2","2","2","2","2","2","2","2","2","2","2","2","2","1","3","2","2","2","2","2","2","2","2","2","2","1","2","2","2","2","2","2","2","2","2","2","2","2","2","2","2","2","2","2","1","1","2","2","3","2","2",
"HOMER_QUIZ_1036747","","MULTICHOICE","1","1","1","1","1","1","1","1","1","1","1","1","1","1","1","2","1","1","1","1","1","1","1","1","1","1","1","1","1","1","1","1","1","3","1","1","1","1","1","1","1","1","1","1","1","1","1","3","1","1","1","1","1","1","1","1","1","1","1","1","1","1","1","1","1","1","1","1","1","1","1","1","1","1","1","1","1","1","1","3","1","1","1","1","1","1","1","1","1","1","1","1","1","1","1","1","1","1","1","1","1","3","1","1","5","1","1","1","1","1","1","1","1","1","1","1","1","1","1","1","1","1","1","1","1","1","1","1","1","1","2","1","1","1","3","1","1","3","1","1","1","1","1","1","1","1","1","1","1","1","1","1","1","1","1","1","1","1","1","1","1","1","1","1","1","1","1",
"HOMER_QUIZ_1036748","","MULTICHOICE","2","1","2","4","2","2","2","2","2","2","2","2","3","2","2","3","2","3","2","3","2","2","2","2","3","2","2","2","2","2","3","3","2","2","4","1","1","2","2","4","2","2","2","2","2","2","2","4","2","2","2","2","2","2","2","2","2","2","2","4","3","2","2","2","2","2","1","2","2","2","2","2","2","2","2","2","2","3","2","2","2","2","2","2","3","3","2","3","2","2","3","2","2","2","2","2","2","3","2","2","2","3","2","2","2","2","2","2","2","3","2","2","2","3","3","2","2","2","2","2","2","2","2","2","2","2","2","2","3","2","2","2","2","2","2","2","2","2","2","2","2","2","1","2","3","2","2","2","4","2","4","2","3","2","5","3","2","2","2","2","2","2","2","2","2","2","3",
"HOMER_QUIZ_1036749","","MULTICHOICE","2","1","2","2","2","2","2","2","2","2","2","2","1","1","4","2","2","2","2","2","2","2","4","2","2","2","2","2","2","5","1","2","2","2","1","1","2","2","2","2","2","2","2","2","2","2","2","2","2","2","2","2","2","2","2","2","2","2","2","2","2","2","1","2","2","2","2","2","2","2","2","2","2","2","2","2","2","4","2","2","2","2","2","1","2","2","1","1","2","2","2","2","2","2","1","2","2","2","2","2","2","2","2","2","2","2","2","2","2","2","2","2","2","2","2","2","2","2","2","2","2","2","2","2","2","2","2","2","2","2","3","1","2","1","2","2","2","2","2","2","2","2","2","2","2","2","2","2","2","2","2","2","2","2","2","2","2","2","2","2","2","2","2","2","2","2","2",
"HOMER_QUIZ_1036750","","MULTICHOICE","3","1","3","3","3","3","3","5","3","3","3","3","3","3","3","3","3","3","3","3","3","2","3","3","3","3","3","3","3","3","3","3","3","3","1","3","2","3","3","1","3","3","3","3","3","3","3","3","3","3","3","3","3","3","3","3","3","3","3","3","3","3","3","3","3","3","3","2","3","3","3","3","3","3","3","3","3","3","3","3","3","3","3","3","3","3","3","2","3","3","3","3","3","3","3","3","3","3","3","3","3","3","3","3","3","3","3","3","3","3","3","3","3","3","3","3","3","3","3","3","3","3","5","3","3","3","3","3","5","3","3","3","3","3","3","3","3","3","3","3","3","3","3","3","3","2","3","1","3","3","2","3","3","3","3","3","3","3","3","3","3","3","3","3","3","3","3",
"HOMER_QUIZ_1036751","","MULTICHOICE","3","1","3","3","3","3","3","3","3","3","3","3","3","3","3","3","2","3","3","3","3","5","3","3","3","3","5","3","3","3","3","3","3","3","3","5","3","3","3","3","3","4","3","3","3","3","3","2","3","3","5","3","3","3","3","3","3","3","3","5","2","3","3","3","3","3","3","3","3","3","3","3","3","3","3","3","5","3","3","3","3","3","5","3","3","3","3","3","3","3","3","3","3","3","3","2","3","3","3","3","3","2","4","3","3","3","3","3","3","3","2","3","3","3","3","3","5","3","3","3","3","3","3","5","3","3","3","3","3","3","3","5","3","2","3","3","2","2","3","3","3","3","3","4","2","3","3","3","3","3","3","3","2","3","5","3","3","3","3","3","3","5","3","3","5","3","3",
"HOMER_QUIZ_1036662","","MULTICHOICE","6","1","6","6","6","6","6","6","6","6","6","6","6","6","6","6","6","6","6","6","6","6","6","8","6","6","6","6","6","6","6","6","8","6","6","6","6","6","6","6","6","6","6","6","6","6","6","9","6","6","3","6","6","6","6","6","6","6","6","6","8","6","6","6","8","6","6","6","6","3","6","6","2","6","6","6","6","6","6","6","6","6","6","6","6","6","6","6","6","6","6","6","6","3","6","6","6","6","6","6","6","6","6","6","6","6","6","6","6","6","6","6","6","6","6","6","6","6","6","6","6","6","6","6","6","6","6","6","6","6","6","6","6","6","6","6","6","6","8","6","6","6","6","6","6","6","6","6","6","6","6","6","6","6","2","6","6","6","6","6","6","6","6","6","6","6","6",
"HOMER_QUIZ_1036663","","MULTICHOICE","2","1","2","2","3","4","2","1","2","2","2","2","2","1","1","2","1","1","2","2","1","2","2","2","2","2","1","2","2","1","4","2","1","2","2","1","2","2","2","1","2","4","3","2","2","2","2","4","2","2","2","1","1","2","2","1","1","2","2","2","1","2","2","2","2","1","2","2","2","2","2","2","3","2","2","2","2","2","2","2","1","1","2","2","2","2","4","2","2","2","2","1","1","1","2","2","2","2","2","2","2","2","2","1","2","2","2","2","2","2","2","2","2","4","2","4","2","4","2","2","2","2","2","2","2","2","2","2","2","2","2","1","2","2","2","2","2","1","4","1","1","1","2","2","4","2","2","1","2","2","4","2","2","2","1","1","4","1","1","4","4","4","2","1","1","1","1",
"HOMER_QUIZ_1036664","","MULTICHOICE","8","1","7","8","8","8","8","8","8","8","8","8","9","8","8","8","8","8","8","8","8","8","8","6","8","8","3","8","8","8","2","8","2","8","7","8","8","8","8","2","8","7","8","8","8","8","8","8","8","8","8","9","8","8","8","8","8","8","8","8","2","3","8","8","9","8","8","8","8","8","8","8","6","9","8","8","8","8","8","8","3","3","8","8","9","9","8","8","8","8","8","8","8","8","8","8","8","8","8","3","8","8","8","8","8","8","8","8","8","8","8","8","8","8","8","8","8","2","8","8","8","8","8","8","8","9","8","5","8","9","8","8","9","8","8","8","8","8","9","8","8","8","8","9","7","8","8","8","3","8","9","9","8","8","3","8","8","8","9","8","8","8","9","8","8","8","8",
