"MED522 Repro Final - C2016 - 20131122",
"Raw MCQ data for group: 6576|4",

"Question Identifier","Category","Question Type","Correct Response","Weight","Response Data"

"User Identifiers"," "," "," "," ","5762","6600","6601","6602","6603","6604","6605","6606","6607","6608","6609","6610","6611","6612","6613","6614","6615","6616","6617","6618","6619","6620","6621","6622","6623","6624","6625","6626","6627","6628","6629","6630","6631","6632","6633","6634","6635","6636","6637","6638","6639","6640","6641","6642","6643","6644","6645","6646","6647","6648","6649","6650","6651","6652","6653","6654","6655","6656","6657","6658","6659","6660","6661","6662","6663","6665","6666","6667","6668","6669","6670","6671","6672","6673","6674","6675","6676","6677","6678","6679","6680","6681","6682","6683","6684","6685","6686","6687","6688","6689","6690","6691","6692","6693","6694","6695","6696","6697","6698","6699","6700","6701","6702","6703","6704","6705","6706","6707","6708","6709","6710","6711","6712","6713","6714","6715","6716","6717","6718","6719","6720","6721","6722","6724","6725","6726","6727","6728","6729","6730","6731","6732","6733","6734","6735","6736","6737","6738","6739","6740","6741","6742","6743","6744","6745","6746","6747","6748","6749","6750","6751","6752","6753","6754","6755","6756","6757","6758","6759","6760","6761","6762","6763","6764","6765","6766"
"HOMER_QUIZ_1046531","","MULTICHOICE","4","1","4","4","4","4","4","4","4","4","4","4","4","4","4","4","4","4","4","4","4","4","4","4","4","4","4","4","4","4","4","4","4","4","4","4","4","4","4","4","4","4","4","4","4","4","4","4","4","4","4","4","4","4","4","4","4","4","4","4","4","4","4","4","4","4","4","4","4","4","4","4","4","4","4","4","4","4","4","4","4","4","4","4","4","4","4","4","4","4","4","4","4","4","4","4","4","4","4","4","4","4","4","4","4","4","4","4","4","4","4","4","4","4","4","4","4","4","4","4","4","4","4","4","4","4","4","4","4","5","4","4","4","4","4","4","4","4","4","4","4","4","4","4","4","4","4","4","4","4","4","4","4","4","4","4","4","4","4","4","4","4","4","4","4","4","4","4",
"HOMER_QUIZ_1046481","","MULTICHOICE","3","1","4","3","3","3","3","3","3","4","3","1","3","1","3","3","3","3","4","3","3","3","4","3","3","3","4","3","4","3","3","3","3","3","3","2","4","3","3","1","1","3","3","3","3","3","3","3","3","4","1","3","3","3","1","3","3","3","3","3","3","3","3","3","3","2","3","3","3","3","3","3","3","3","3","3","4","3","3","3","3","1","4","3","3","1","3","4","3","3","1","3","3","1","3","3","1","3","1","1","3","3","3","3","3","3","1","3","3","3","3","3","1","3","3","1","3","3","1","3","3","3","3","3","4","3","3","3","3","2","1","3","3","1","3","1","3","3","3","3","3","3","3","3","4","3","3","3","4","3","3","3","3","3","3","4","1","3","3","3","3","3","4","3","2","3","3","3",
"HOMER_QUIZ_1046482","","MULTICHOICE","3","1","3","3","3","3","3","4","3","3","3","4","3","2","3","2","3","3","3","3","3","3","3","3","3","3","3","3","3","4","3","3","4","3","3","2","3","4","3","3","2","3","4","3","3","3","4","3","4","3","3","3","2","3","3","3","3","3","4","3","3","4","3","3","3","3","3","4","3","3","3","3","3","3","3","3","3","3","3","3","3","3","3","3","2","3","3","3","2","3","2","3","3","4","2","2","3","3","3","3","3","3","3","3","3","3","3","4","3","3","2","3","3","3","3","3","3","3","3","3","3","3","3","3","3","3","3","3","4","4","2","3","3","3","3","3","1","1","3","3","3","4","3","2","3","4","3","3","3","4","4","4","3","3","3","3","3","3","3","3","3","3","3","3","3","3","3","3",
"HOMER_QUIZ_1046483","","MULTICHOICE","3","1","4","3","3","3","3","3","3","4","3","3","4","4","3","3","3","3","3","4","3","3","3","3","3","4","3","3","3","3","3","3","4","3","4","4","3","3","3","3","3","4","3","3","3","3","3","4","3","3","3","3","3","3","3","3","3","3","3","3","2","3","3","3","3","3","3","3","3","3","3","3","3","3","4","3","3","4","2","3","3","4","3","3","3","3","4","4","3","3","3","3","3","3","3","3","3","4","4","4","3","3","3","3","3","3","3","3","4","3","3","3","4","3","3","3","3","3","3","3","4","3","3","3","4","3","3","4","1","3","3","3","1","3","4","3","3","3","4","3","2","2","3","3","3","3","4","4","3","4","3","3","3","3","3","4","3","3","3","3","3","3","3","3","3","3","3","3",
"HOMER_QUIZ_1046484","","MULTICHOICE","5","1","5","5","5","5","5","5","5","5","5","5","5","5","5","5","5","5","5","5","5","5","5","5","5","5","5","5","5","5","5","5","5","5","5","5","5","5","5","5","5","5","5","5","5","3","5","5","5","5","5","5","5","5","5","5","5","5","5","5","5","5","3","5","5","5","5","5","5","5","5","5","5","5","5","5","5","5","5","5","5","5","5","5","5","5","5","5","5","5","5","5","5","5","5","5","5","5","5","5","5","5","5","5","5","5","5","5","5","5","5","5","5","5","5","5","5","5","5","5","5","5","5","5","5","5","2","5","5","5","5","5","5","5","5","5","5","5","5","5","5","5","5","5","5","5","5","5","5","5","5","5","5","5","5","5","5","5","5","5","5","5","5","5","5","5","5","5",
"HOMER_QUIZ_1046485","","MULTICHOICE","2","1","2","5","2","2","2","2","2","5","4","3","2","2","2","2","2","2","4","5","2","4","2","2","2","3","3","4","4","2","4","2","4","2","2","2","2","2","4","2","2","4","2","2","4","4","4","4","2","2","2","2","2","2","2","2","4","2","5","2","4","2","2","2","2","2","2","2","2","4","4","4","3","4","4","1","2","2","2","2","4","2","2","4","2","3","2","2","2","2","2","2","2","4","4","2","2","2","4","3","2","2","4","2","2","4","2","4","2","2","4","4","2","2","5","2","5","2","2","2","2","4","2","2","4","2","2","2","2","4","2","2","2","4","2","4","4","2","2","2","2","2","3","2","2","4","2","1","4","2","5","2","3","3","2","2","2","2","2","2","4","2","2","2","4","2","2","2",
"HOMER_QUIZ_1046487","","MULTICHOICE","2","1","2","2","2","2","2","2","2","2","2","2","2","2","2","2","2","2","2","2","2","2","2","2","2","2","2","2","2","2","2","2","2","2","2","2","2","2","2","2","2","2","2","2","2","2","2","2","2","2","2","2","2","2","2","2","2","2","2","2","2","2","2","2","2","2","2","2","2","2","2","2","2","2","2","2","2","2","2","2","2","2","2","2","2","2","2","2","2","2","2","2","2","2","2","2","2","2","2","2","2","2","2","2","2","2","2","2","2","2","2","2","2","2","2","2","2","2","2","2","2","2","2","2","2","2","2","2","2","2","2","2","2","2","2","2","2","2","2","2","2","2","2","2","2","2","2","2","2","2","2","2","2","2","2","2","2","2","2","2","2","2","2","2","2","2","2","2",
"HOMER_QUIZ_1046486","","MULTICHOICE","3","1","3","3","3","3","3","3","2","2","3","3","3","3","3","2","2","3","3","4","3","3","5","3","3","3","3","3","3","4","3","2","2","3","1","3","3","3","2","4","3","3","2","3","3","3","3","3","3","3","3","4","3","3","3","3","1","3","2","3","3","3","3","3","2","3","3","2","3","3","4","4","3","3","3","2","3","3","5","3","3","2","3","3","3","2","4","3","4","3","2","3","3","3","3","3","3","5","2","3","3","3","5","3","3","3","3","3","2","3","3","3","3","3","4","2","3","3","3","3","4","2","3","3","3","3","3","3","3","2","3","3","3","4","3","2","5","3","3","3","3","3","3","2","3","3","4","3","3","2","3","3","3","3","3","3","3","3","3","3","3","3","3","3","3","3","3","3",
"HOMER_QUIZ_1046488","","MULTICHOICE","4","1","4","4","4","4","4","4","4","4","4","4","4","4","4","4","4","4","4","4","4","4","4","4","2","4","4","4","4","4","4","4","4","4","2","4","4","4","4","4","4","4","2","4","4","4","4","4","4","4","4","4","2","4","4","4","4","4","4","4","4","4","4","4","4","4","4","4","4","4","4","4","4","4","4","4","4","4","4","4","4","4","4","2","4","4","4","4","4","4","4","4","4","4","4","4","4","2","4","4","4","4","4","4","4","4","4","2","4","4","4","4","4","4","4","4","4","2","4","4","4","4","4","4","4","4","4","2","4","2","4","4","4","4","2","4","2","4","4","4","4","4","4","4","4","2","4","4","2","2","4","2","4","4","4","4","4","4","4","4","2","4","4","4","4","4","4","4",
"HOMER_QUIZ_1046489","","MULTICHOICE","2","1","3","2","2","2","3","2","3","2","3","3","3","2","2","3","2","2","2","2","2","2","3","2","2","2","2","2","2","2","2","2","2","2","2","2","2","2","2","2","2","2","2","2","2","2","2","2","2","2","2","2","2","2","2","3","2","2","2","2","2","2","2","2","2","2","2","2","2","2","2","2","2","3","2","2","2","3","2","2","2","2","2","2","2","2","2","2","2","2","2","2","2","2","2","2","3","2","2","2","2","2","2","2","2","2","2","2","2","2","2","2","2","2","2","2","2","2","2","2","2","2","2","2","2","3","2","2","2","2","2","2","2","2","2","2","2","2","2","2","2","3","2","2","2","2","2","2","3","2","3","2","2","2","2","2","2","3","2","2","2","2","2","2","2","2","2","2",
"HOMER_QUIZ_1046532","","MULTICHOICE","4","1","4","4","4","4","4","4","2","4","4","2","4","4","4","4","4","4","4","4","4","4","4","4","4","4","4","4","4","4","4","4","4","4","4","4","4","4","4","4","4","4","4","4","4","4","4","4","4","4","4","4","4","2","2","4","2","4","4","4","4","4","4","4","4","4","4","4","4","4","4","4","4","4","2","4","4","4","4","4","2","4","4","4","4","4","4","4","4","4","4","4","4","2","4","4","4","4","4","4","4","4","2","4","4","4","4","4","4","4","4","4","4","4","4","4","4","4","4","4","2","4","1","4","4","4","4","4","4","4","4","4","4","4","4","4","4","4","4","4","4","4","4","4","4","4","4","4","4","4","4","4","4","4","4","4","4","4","4","4","4","4","4","2","4","2","4","4",
"HOMER_QUIZ_1046429","","MULTICHOICE","4","1","4","2","2","4","4","4","4","4","4","4","4","2","4","1","4","4","1","4","4","4","4","4","4","4","1","4","4","4","4","4","4","2","4","4","4","4","4","4","4","4","4","4","4","4","3","4","4","2","4","4","4","4","4","4","2","4","4","4","4","4","4","4","4","4","4","4","4","4","3","4","4","4","4","4","1","4","4","4","4","4","4","4","4","4","4","4","4","4","4","4","4","4","4","4","4","4","4","4","4","4","4","4","4","4","4","2","4","4","4","4","4","4","4","4","1","2","4","1","3","4","4","4","2","4","4","4","4","2","4","4","4","4","1","4","4","1","4","4","4","4","4","4","4","4","4","4","4","4","4","4","4","4","4","4","4","4","4","4","4","4","4","4","4","4","4","4",
"HOMER_QUIZ_1046430","","MULTICHOICE","1","1","1","1","3","1","1","1","1","2","1","3","4","1","1","1","4","4","1","1","1","1","1","1","1","2","1","1","1","4","1","1","3","4","1","4","4","1","1","1","1","1","1","1","1","3","1","1","1","3","1","1","1","4","1","1","3","4","4","1","1","3","1","4","4","1","1","4","4","3","1","4","1","3","1","1","3","1","1","4","1","1","1","1","1","1","1","1","4","1","4","1","3","1","4","1","1","2","4","1","4","1","3","1","1","1","1","3","1","4","4","1","1","1","4","1","1","4","1","1","1","4","1","1","1","1","1","1","1","4","1","1","1","1","3","1","1","3","3","1","4","1","1","1","1","1","1","1","1","1","1","1","4","1","1","1","1","1","1","4","1","1","1","1","4","1","1","1",
"HOMER_QUIZ_1046431","","MULTICHOICE","2","1","2","2","2","2","2","2","2","1","2","2","3","2","2","2","2","2","1","2","2","2","2","2","2","2","2","2","2","2","2","2","2","1","2","1","2","2","2","3","2","2","2","2","2","1","2","2","2","2","1","2","2","2","2","2","2","2","2","2","2","2","2","2","2","2","2","2","2","2","2","2","2","2","2","2","2","2","2","2","2","2","2","2","2","2","2","3","2","2","2","2","2","2","2","2","1","1","2","2","1","2","2","2","2","2","2","2","3","2","2","2","3","2","2","2","2","2","2","2","2","2","2","2","2","2","2","2","2","1","2","2","2","2","2","3","1","3","2","1","2","2","2","2","2","4","2","2","3","2","2","2","2","2","2","2","1","2","2","2","2","2","2","2","2","2","2","2",
"HOMER_QUIZ_1046491","","MULTICHOICE","1","1","1","1","1","1","4","1","2","4","2","1","1","1","1","1","1","4","3","1","1","3","1","2","4","1","1","1","1","1","4","1","2","1","3","1","2","1","2","1","4","1","1","1","1","1","1","1","3","2","1","2","1","4","2","1","1","1","2","4","4","1","1","1","1","4","1","1","4","1","3","1","2","1","1","2","1","1","3","1","1","2","1","1","1","2","1","1","1","1","1","1","1","1","2","1","1","1","1","2","1","1","2","1","1","1","1","1","1","1","1","1","1","1","1","1","1","1","1","1","1","1","4","1","1","1","1","2","4","1","2","1","2","1","2","4","1","2","1","1","1","1","1","3","2","1","2","1","2","1","1","1","1","1","1","1","1","1","1","1","1","1","4","1","1","1","1","1",
"HOMER_QUIZ_1046492","","MULTICHOICE","3","1","1","4","2","3","3","2","3","3","2","3","2","1","3","3","3","3","2","3","3","3","3","2","3","1","2","2","2","3","3","3","3","3","4","1","2","3","3","2","3","3","3","3","3","2","3","2","2","2","2","2","3","3","3","3","4","3","1","3","3","3","3","3","2","3","3","3","1","3","3","3","1","3","3","3","3","1","3","3","2","2","2","2","3","1","3","2","3","3","3","3","3","3","3","3","2","1","3","2","2","3","3","3","3","3","3","3","2","4","3","3","3","3","1","2","3","3","2","2","3","3","1","2","3","3","2","3","3","2","2","3","3","3","3","2","3","3","3","2","2","3","2","2","3","2","2","3","3","1","2","3","3","3","3","3","2","3","2","3","2","3","2","3","3","3","4","3",
"HOMER_QUIZ_1046493","","MULTICHOICE","2","1","2","2","2","2","2","2","2","2","2","2","2","2","2","2","2","2","2","2","2","2","2","2","2","2","2","2","2","2","2","2","2","2","2","2","2","2","2","2","2","2","2","2","2","2","2","2","2","2","2","2","2","2","2","2","2","2","2","2","2","2","2","2","2","2","2","2","2","2","2","2","2","2","2","2","2","2","2","2","2","2","2","2","2","2","2","2","2","2","2","2","2","2","2","2","2","1","2","2","2","2","2","2","2","2","2","2","2","2","2","2","2","3","2","2","2","2","2","2","2","2","2","2","2","2","2","2","2","2","2","2","2","2","2","2","2","2","2","2","2","2","2","2","2","2","2","2","2","2","2","2","2","2","2","2","2","2","2","2","2","2","2","2","2","2","2","2",
"HOMER_QUIZ_1046494","","MULTICHOICE","1","1","1","1","1","1","4","3","1","2","1","1","1","1","1","1","1","1","1","2","2","1","2","2","1","1","1","2","1","1","1","1","1","1","1","1","1","1","4","1","1","1","3","1","1","1","2","1","1","1","1","1","1","1","2","1","1","1","2","1","2","1","1","1","1","1","2","2","1","1","1","1","1","1","1","2","1","2","2","4","2","1","1","1","1","1","1","2","1","1","1","1","2","2","1","1","4","2","1","1","2","1","2","1","1","2","1","1","1","1","2","2","1","1","1","1","1","1","1","1","1","1","2","2","1","1","1","4","2","3","1","2","1","1","1","1","1","2","1","2","1","1","4","1","2","1","2","1","1","1","3","1","1","2","3","1","1","1","1","4","1","1","1","1","4","1","1","1",
"HOMER_QUIZ_1046432","","MULTICHOICE","3","1","3","3","3","3","3","3","3","3","3","3","3","3","3","3","3","3","3","3","3","3","3","3","3","2","3","3","3","3","3","2","3","2","3","3","3","3","3","3","4","3","3","3","3","3","3","3","3","3","3","3","3","3","3","3","3","2","5","3","2","3","3","3","2","3","3","3","3","3","3","3","3","3","3","3","3","3","3","3","3","3","2","3","3","2","3","2","3","3","3","3","3","3","3","3","3","3","3","5","3","3","3","3","3","3","3","3","2","3","2","3","3","3","3","3","3","3","3","3","3","3","3","3","3","3","3","3","3","5","3","3","3","3","3","3","3","3","3","3","3","3","3","3","3","2","3","3","3","3","3","3","3","3","3","3","3","3","3","3","3","5","3","3","3","3","3","3",
"HOMER_QUIZ_1046495","","MULTICHOICE","5","1","5","5","3","5","5","5","5","4","5","5","5","5","5","5","5","5","5","5","5","5","5","5","5","5","5","5","5","5","5","5","5","5","5","5","4","4","5","5","5","5","5","5","5","5","5","5","5","5","3","5","5","4","4","5","5","5","3","5","5","5","3","5","5","5","5","5","5","5","4","5","5","5","4","5","5","5","5","5","5","5","5","5","4","5","5","5","3","5","5","5","5","4","5","5","5","5","5","4","5","5","4","5","5","5","5","5","5","5","5","5","3","5","5","5","5","5","5","5","5","5","4","5","5","5","5","5","5","5","4","5","5","5","5","5","5","4","5","5","3","5","2","5","5","5","5","5","5","3","5","5","3","5","5","4","3","4","5","5","5","5","5","5","5","5","5","5",
"HOMER_QUIZ_1046428","","MULTICHOICE","2","1","1","2","3","3","2","3","2","2","1","2","2","1","1","1","3","2","1","3","3","3","2","2","3","2","3","1","2","2","1","1","3","2","2","3","3","1","2","2","1","1","3","2","2","2","1","2","2","1","2","2","3","2","2","3","2","1","2","3","3","3","1","2","2","3","2","1","2","2","3","3","2","2","2","1","4","1","2","3","3","2","2","3","3","2","2","3","2","2","2","3","2","3","3","3","3","3","3","2","3","3","1","1","3","1","2","2","3","3","3","2","2","2","1","2","2","3","1","2","2","2","2","2","3","2","2","2","2","3","3","1","3","2","4","2","3","1","2","2","3","3","3","3","2","2","2","3","3","4","1","3","2","3","1","3","2","3","3","3","1","1","2","2","2","2","1","1",
"HOMER_QUIZ_1046734","","MULTICHOICE","5","1","5","5","2","5","5","5","5","2","2","2","5","2","5","5","5","5","5","5","5","2","5","5","5","2","5","1","5","2","5","5","5","5","2","5","5","5","2","5","2","5","5","5","5","2","5","5","5","5","2","5","5","2","5","5","5","2","5","5","5","1","2","5","5","5","5","5","1","5","5","5","5","1","2","2","5","2","1","2","1","5","5","5","2","5","5","2","5","5","5","5","2","5","5","5","5","5","1","2","5","2","5","5","5","5","5","2","2","5","5","5","5","5","2","5","5","5","5","5","3","5","5","5","5","5","2","2","2","2","1","5","2","5","5","5","5","2","5","5","5","2","5","5","5","5","1","5","2","5","5","5","1","1","5","5","5","5","2","2","2","5","5","5","5","5","5","5",
"HOMER_QUIZ_1046517","","MULTICHOICE","4","1","4","4","4","4","4","4","4","3","4","2","4","4","4","4","3","4","4","4","4","4","4","4","4","4","4","4","4","4","4","4","4","4","4","4","4","4","4","4","4","4","4","4","4","2","4","4","4","4","4","4","4","4","4","4","4","4","4","4","4","4","4","4","4","4","4","4","4","4","4","4","4","4","4","4","4","3","4","4","4","4","4","4","4","4","4","4","3","4","4","4","4","4","4","4","4","4","4","4","4","4","4","4","4","4","4","4","4","4","4","4","4","4","4","4","4","4","4","4","4","4","4","4","4","4","4","4","4","4","4","4","4","4","4","4","4","4","4","4","4","4","4","4","4","4","4","4","4","4","4","4","4","4","4","4","4","4","4","4","4","4","4","4","4","4","4","4",
"HOMER_QUIZ_1046496","","MULTICHOICE","5","1","5","2","5","5","5","5","5","5","5","5","4","5","5","5","2","5","5","5","5","5","2","5","5","2","5","5","5","5","5","5","5","5","5","2","5","5","5","5","5","5","5","5","5","5","5","5","5","2","2","5","5","5","5","5","5","5","5","5","5","5","5","5","5","5","5","2","5","5","5","5","2","2","5","5","2","5","2","5","5","5","5","5","5","5","5","2","5","5","5","5","5","5","5","5","5","5","2","5","5","5","2","5","5","5","5","5","4","5","5","5","4","5","5","5","5","5","4","5","2","5","5","5","5","5","5","5","5","5","2","5","5","5","2","5","5","5","5","2","5","5","5","5","5","5","5","5","5","5","5","3","5","5","5","5","2","5","5","5","5","5","5","5","5","5","5","5",
"HOMER_QUIZ_1046497","","MULTICHOICE","1","1","1","1","1","1","1","1","1","1","1","1","1","1","2","3","1","1","1","1","1","1","1","1","1","1","1","1","1","1","1","1","1","1","1","1","1","1","1","1","1","1","1","1","1","1","1","1","1","1","1","1","1","1","1","1","1","1","1","1","1","1","3","1","1","1","1","1","1","1","1","1","1","1","2","1","1","1","1","3","1","1","1","1","1","1","1","1","1","1","1","1","1","2","1","1","1","1","1","1","1","1","1","1","1","1","1","1","1","1","1","1","1","1","1","1","1","3","1","1","1","1","1","1","1","1","1","1","1","1","1","1","1","1","1","1","1","1","1","1","1","1","4","1","1","1","1","1","1","1","1","1","1","1","1","1","1","1","1","1","1","1","1","1","1","1","1","1",
"HOMER_QUIZ_1046433","","MULTICHOICE","1","1","2","2","1","1","3","1","1","1","2","2","3","2","2","2","1","4","1","1","3","3","2","2","3","2","1","3","1","1","3","1","1","2","2","1","3","2","2","4","3","4","3","1","1","1","3","2","1","4","1","2","2","1","3","1","2","3","1","1","4","4","2","1","1","2","1","1","3","2","2","4","4","2","1","2","2","2","1","2","3","1","1","1","3","2","3","1","1","1","2","2","1","2","1","2","3","1","1","1","3","2","1","2","1","1","1","2","2","2","1","2","3","1","1","3","2","1","1","2","1","1","4","1","1","2","3","3","3","2","2","2","1","2","1","4","3","1","2","1","1","3","2","3","1","2","2","3","1","2","1","1","2","1","2","3","2","1","1","2","2","1","2","1","1","3","3","1",
"HOMER_QUIZ_1046434","","MULTICHOICE","3","1","3","3","2","3","3","3","3","3","3","2","4","2","3","2","3","3","3","3","3","3","3","3","1","3","3","3","3","3","3","3","3","2","3","3","3","3","3","3","3","3","2","3","3","3","3","3","4","3","2","2","3","4","3","3","2","3","3","3","4","3","3","3","3","3","3","3","3","3","4","3","3","4","3","4","3","3","3","3","3","4","3","3","4","3","2","3","3","3","3","3","3","3","3","3","4","4","4","2","3","3","3","3","3","3","4","3","3","3","3","3","3","3","2","3","3","3","3","3","4","3","3","3","3","2","2","3","3","2","2","3","4","3","4","2","4","3","3","3","3","4","3","4","3","3","3","3","2","3","3","3","3","3","3","3","5","3","3","4","3","4","3","3","3","3","3","3",
"HOMER_QUIZ_1046498","","MULTICHOICE","1","1","1","1","2","1","1","1","1","1","1","2","2","2","2","1","2","1","1","1","1","1","1","2","1","1","1","1","1","1","1","1","1","1","1","1","1","1","1","1","1","1","1","1","1","1","4","1","1","2","1","1","1","1","1","4","1","1","4","1","2","1","1","1","4","1","1","1","4","1","1","1","4","4","4","1","2","2","1","4","4","4","4","1","1","1","2","1","1","1","2","1","1","1","2","1","1","1","1","1","2","1","1","1","1","1","4","1","1","1","1","4","4","1","2","1","1","1","1","1","1","2","1","1","4","1","1","4","1","4","1","1","1","1","1","1","1","2","1","1","1","1","1","1","1","1","1","1","1","1","1","4","4","4","1","1","1","1","4","4","1","1","1","4","1","1","1","1",
"HOMER_QUIZ_1046464","","MULTICHOICE","2","1","2","2","2","2","2","2","2","2","2","2","2","5","2","2","2","2","2","2","2","2","2","2","2","2","2","2","2","2","2","2","2","2","2","2","2","2","2","3","2","2","2","2","2","1","2","2","2","2","2","2","2","2","2","2","2","2","2","3","2","2","2","2","2","2","2","2","2","2","3","1","2","4","2","2","2","3","2","2","2","2","2","2","2","3","2","2","2","2","2","2","2","2","2","2","2","2","2","2","2","2","2","2","2","2","2","2","2","2","2","2","5","2","2","2","2","2","2","2","4","2","2","2","2","3","2","4","2","3","2","2","2","2","2","2","2","2","2","2","2","4","2","2","2","5","1","4","2","1","2","2","2","2","2","2","2","3","2","2","2","2","2","2","2","2","2","2",
"HOMER_QUIZ_1046533","","MULTICHOICE","2","1","4","2","2","2","4","2","2","2","2","4","2","4","2","2","2","4","4","2","2","4","2","4","4","2","2","2","2","4","2","2","4","2","2","2","4","2","4","4","4","2","4","2","4","4","2","2","2","4","2","2","2","4","4","2","4","2","2","4","4","4","4","2","2","4","2","2","2","2","2","2","4","4","4","2","2","4","2","2","2","4","4","2","2","4","2","2","4","2","4","2","2","2","2","4","2","4","2","4","2","2","2","2","2","2","2","2","2","4","2","2","4","4","2","4","2","2","2","2","2","3","4","2","2","2","4","2","2","2","2","2","4","2","2","2","2","4","4","2","2","4","3","2","4","2","2","4","4","2","2","4","4","4","2","4","2","4","4","4","2","4","4","2","2","4","2","4",
"HOMER_QUIZ_1046466","","MULTICHOICE","3","1","3","3","3","1","3","3","3","4","3","3","3","3","3","3","3","3","3","3","3","3","3","3","3","3","3","3","3","3","3","1","3","4","3","3","3","3","3","3","3","3","3","3","3","3","3","3","3","3","3","3","3","3","3","3","3","3","3","3","3","1","3","3","3","3","3","3","3","3","1","3","3","3","3","3","3","3","3","3","3","4","3","2","3","3","3","3","3","3","3","3","3","3","3","3","3","3","3","3","3","3","1","3","3","3","3","3","3","3","3","3","3","3","3","1","3","3","3","3","4","3","4","3","3","3","3","3","3","3","3","3","3","3","3","3","3","4","3","3","3","3","3","3","3","3","3","3","3","3","3","1","3","3","3","3","3","3","1","3","1","3","3","3","3","3","3","3",
"HOMER_QUIZ_1046735","","MULTICHOICE","2","1","2","2","2","2","5","2","2","2","2","2","2","2","2","2","2","2","2","2","2","2","5","2","2","2","2","2","2","2","2","2","5","2","2","2","2","2","2","2","2","2","2","2","2","2","2","2","2","2","2","2","2","2","2","2","5","2","5","2","2","2","2","2","2","2","2","2","2","2","2","2","2","5","2","2","2","2","2","2","2","2","2","5","2","2","2","2","2","2","2","2","2","2","2","2","2","2","2","5","2","2","2","2","2","5","2","5","2","2","2","2","2","2","2","2","2","2","2","2","2","2","2","2","5","2","2","2","2","5","2","2","2","2","5","2","2","2","2","2","2","2","5","2","2","5","2","5","2","2","2","2","2","2","2","2","2","2","2","2","2","2","2","2","2","2","2","2",
"HOMER_QUIZ_1046499","","MULTICHOICE","2","1","3","2","3","3","1","2","3","1","2","2","2","3","2","1","3","2","2","2","3","2","2","2","2","3","2","2","2","3","2","2","2","2","2","4","2","2","3","3","2","3","3","3","2","2","3","3","3","3","2","3","2","3","3","3","2","1","4","2","4","2","3","3","3","4","1","3","2","2","2","2","1","4","3","3","3","2","3","2","2","2","3","3","2","3","3","2","3","3","3","3","1","4","2","2","3","2","2","2","3","2","2","2","3","3","3","3","2","4","3","2","3","2","1","3","2","2","3","3","3","3","2","1","3","3","2","2","2","4","2","2","2","2","2","2","3","2","2","3","2","2","2","2","1","3","4","3","2","2","2","3","2","1","3","1","3","3","2","2","2","3","2","2","2","2","1","2",
"HOMER_QUIZ_1046435","","MULTICHOICE","2","1","2","2","2","2","2","2","2","2","2","2","4","2","2","3","2","2","3","2","2","2","2","2","3","2","2","2","2","2","2","2","2","2","2","2","3","2","2","2","2","2","2","2","2","4","2","2","3","2","2","2","2","2","2","3","2","2","2","2","2","2","2","2","2","2","2","2","2","2","2","2","2","2","2","2","2","2","4","2","2","2","2","2","2","2","2","4","2","2","2","2","2","2","2","2","2","3","2","2","2","2","2","2","2","2","2","2","2","2","2","2","2","2","2","2","4","2","2","2","2","2","2","2","2","2","2","2","2","2","2","2","2","2","2","3","4","2","2","2","2","2","2","2","2","3","2","2","2","2","2","2","2","2","2","2","2","2","2","2","2","1","2","2","2","2","2","2",
"HOMER_QUIZ_1046436","","MULTICHOICE","4","1","3","4","4","4","4","4","4","4","4","4","4","4","4","2","4","4","4","4","4","4","4","4","4","4","4","4","4","4","4","4","4","2","4","4","4","4","4","4","4","4","4","4","4","1","4","1","4","4","4","4","4","4","4","4","4","4","4","4","4","4","4","4","4","4","4","4","4","2","4","1","4","4","4","4","2","2","4","3","4","4","4","4","4","3","4","4","4","4","4","4","4","2","4","4","4","4","4","4","4","4","4","4","4","4","4","2","4","4","4","4","4","4","4","2","4","4","4","4","4","4","4","4","4","4","4","4","4","3","4","4","4","4","2","1","1","4","4","4","4","4","4","4","4","4","4","4","2","2","4","3","4","4","4","4","4","4","4","4","4","2","4","4","2","4","4","4",
"HOMER_QUIZ_1046465","","MULTICHOICE","4","1","4","4","4","4","3","4","4","4","4","1","4","4","4","4","4","4","4","4","1","4","4","4","4","4","4","4","4","4","4","4","4","4","4","4","4","4","4","3","4","4","4","4","4","4","4","2","4","4","4","1","4","4","4","4","4","4","3","4","1","4","1","4","4","4","4","4","4","4","4","4","4","1","4","4","4","4","4","4","4","4","4","4","4","4","4","4","3","4","1","4","4","4","4","4","4","4","4","1","4","4","4","4","4","4","4","4","4","4","4","4","4","4","2","4","4","4","4","4","4","4","4","4","4","4","4","4","4","4","4","4","3","4","4","2","4","4","4","4","4","4","4","4","4","4","3","4","4","1","4","4","4","4","4","4","4","4","4","4","4","4","4","4","4","4","4","4",
"HOMER_QUIZ_1046500","","MULTICHOICE","4","1","4","5","4","4","4","4","4","4","1","4","4","4","4","4","4","4","4","4","4","4","4","4","4","5","4","4","4","4","4","4","4","4","4","4","4","1","4","4","4","4","4","4","4","4","4","4","1","4","4","4","1","4","4","4","4","1","4","4","1","4","4","4","4","4","4","3","4","4","4","4","4","3","4","4","4","4","4","4","4","4","4","4","4","4","1","4","4","4","4","4","4","1","4","4","4","1","4","4","1","4","1","4","4","4","5","4","4","3","4","4","4","4","4","4","4","4","4","4","2","4","4","4","4","4","4","4","4","1","4","4","1","4","4","4","4","2","4","1","4","4","4","4","4","4","2","4","4","4","3","4","4","4","4","4","4","4","4","4","4","4","4","4","4","4","4","4",
"HOMER_QUIZ_1046736","","MULTICHOICE","1","1","2","1","1","1","1","1","5","1","1","1","1","1","1","1","1","1","1","1","1","1","1","1","3","1","3","1","1","3","1","1","1","1","1","1","1","1","1","1","1","1","4","1","4","1","1","1","1","1","1","1","1","1","1","1","1","1","1","1","1","1","1","1","1","1","1","1","1","1","1","1","1","1","1","1","3","4","1","1","1","1","1","1","1","1","1","1","4","1","1","1","1","1","4","1","4","1","1","4","1","1","1","1","1","2","3","1","1","1","1","1","1","1","4","1","1","1","1","1","1","1","1","1","1","1","1","1","1","1","1","1","1","1","1","5","4","3","1","1","1","1","1","1","1","1","1","4","1","4","1","4","1","1","1","1","1","2","1","1","1","1","1","1","1","1","4","1",
"HOMER_QUIZ_1046437","","MULTICHOICE","1","1","1","1","1","1","1","3","1","1","1","1","3","1","3","1","1","1","1","1","1","1","1","1","3","1","1","1","1","1","1","1","1","1","3","1","1","1","1","1","1","3","1","1","3","1","1","1","1","1","1","1","1","1","1","1","1","1","1","1","1","1","1","1","1","1","1","1","1","1","1","1","1","3","1","1","1","1","1","1","1","1","1","1","1","1","3","1","1","1","1","1","1","1","1","1","1","2","1","1","1","1","1","1","3","1","1","3","1","1","1","1","2","1","1","1","1","1","3","1","1","1","1","1","1","1","1","1","1","3","1","1","1","1","1","1","1","3","1","1","1","1","1","1","1","1","1","1","3","1","1","1","1","1","1","1","1","1","1","1","1","1","1","1","1","1","1","1",
"HOMER_QUIZ_1046502","","MULTICHOICE","3","1","3","3","3","3","4","3","3","3","3","3","1","1","3","3","3","3","3","3","3","3","1","3","3","3","3","1","1","3","3","4","3","3","3","3","3","3","3","3","3","3","3","3","3","3","3","3","2","3","3","3","3","3","3","1","1","3","2","3","3","3","1","3","3","3","3","3","2","3","3","3","3","1","3","3","3","3","4","3","2","4","3","3","4","4","3","3","3","3","3","3","3","1","3","3","3","3","3","3","3","3","3","3","3","3","3","3","2","3","3","3","3","3","3","3","3","3","3","3","3","3","2","4","3","3","3","3","3","2","3","3","3","3","3","2","3","4","1","1","3","2","3","3","3","3","3","3","1","3","3","3","3","3","3","3","4","3","3","2","3","3","3","3","3","3","3","3",
"HOMER_QUIZ_1046438","","MULTICHOICE","2","1","2","2","2","2","2","2","2","2","2","2","1","2","2","2","1","2","2","2","2","2","2","2","2","2","2","2","2","2","2","2","2","2","2","2","2","2","1","1","2","2","1","2","1","2","2","2","2","2","2","2","2","2","2","2","2","2","1","2","2","4","3","2","3","2","2","2","2","2","2","1","2","2","2","1","4","3","2","2","2","2","3","1","2","2","2","2","4","2","1","1","1","2","1","2","2","2","3","1","1","2","2","2","2","2","2","2","2","2","4","2","2","2","1","2","2","2","2","2","4","2","2","2","2","2","2","2","2","2","2","4","2","2","2","4","2","2","2","1","2","1","2","2","2","2","2","2","2","2","2","1","2","2","1","2","2","2","2","2","2","2","2","2","2","2","2","2",
"HOMER_QUIZ_1046439","","MULTICHOICE","4","1","4","5","4","4","4","5","4","4","5","3","4","4","4","5","4","4","4","4","4","5","4","3","4","1","4","5","3","4","3","3","4","4","4","4","3","4","5","4","4","3","4","5","3","4","3","5","4","5","5","4","4","4","4","5","3","1","5","4","5","3","4","4","4","4","4","5","3","4","4","4","4","4","1","4","5","3","4","3","3","4","5","4","3","4","4","3","1","4","4","4","4","3","3","4","4","4","3","4","5","5","1","4","4","4","4","3","3","3","4","4","3","4","4","4","4","4","3","4","4","3","4","1","4","4","3","4","4","3","3","4","4","3","4","5","3","3","5","5","4","5","3","4","4","4","5","4","5","4","3","4","4","5","3","4","4","4","4","4","4","3","4","3","4","4","4","4",
"HOMER_QUIZ_1046440","","MULTICHOICE","1","1","1","1","1","1","1","1","1","1","1","4","1","1","1","2","1","1","1","1","1","1","1","1","4","1","1","1","1","3","1","1","1","1","3","1","1","1","1","1","1","1","2","1","1","1","1","2","1","1","1","1","1","1","1","1","2","4","1","1","3","1","2","1","3","1","2","1","1","1","2","1","1","4","4","1","1","1","1","1","1","1","1","2","1","4","4","1","2","1","1","1","1","1","1","2","1","4","1","1","1","1","1","1","1","1","1","4","1","1","1","1","1","1","1","2","1","1","2","1","2","4","1","1","1","1","1","1","1","3","1","1","2","1","1","1","3","4","1","1","1","1","3","1","1","1","1","3","1","1","1","2","1","1","1","1","3","1","1","1","1","1","1","1","1","1","1","1",
"HOMER_QUIZ_1046503","","MULTICHOICE","3","1","3","3","3","3","3","3","3","3","3","3","3","4","3","3","3","3","3","3","3","3","3","3","1","3","3","3","3","3","3","3","1","3","3","3","3","3","3","3","3","3","3","3","3","3","3","3","3","3","3","3","3","3","4","3","3","3","3","3","3","4","3","3","3","3","3","3","3","3","3","3","3","3","3","3","3","1","3","3","3","1","3","3","3","3","3","3","3","3","3","3","3","3","3","3","3","3","3","3","3","3","3","3","3","3","3","3","4","3","3","3","3","3","3","3","3","3","3","3","3","3","3","3","3","3","3","3","3","3","3","3","3","3","3","3","4","2","3","3","3","3","3","3","3","3","3","3","3","3","4","3","3","3","3","3","3","3","3","3","3","1","3","3","3","3","3","3",
"HOMER_QUIZ_1046441","","MULTICHOICE","2","1","2","2","2","2","2","2","2","2","2","4","2","2","2","2","2","2","2","2","4","2","2","2","2","2","2","2","2","2","2","2","2","2","2","2","2","2","2","4","2","2","4","2","2","2","2","2","2","2","2","2","2","2","2","2","2","2","3","2","2","2","2","2","2","4","2","2","2","2","2","2","2","2","2","2","2","2","2","2","2","2","2","2","2","2","2","2","2","2","2","2","2","2","2","2","2","1","2","2","2","2","2","2","2","2","2","2","2","2","2","2","2","2","2","2","2","4","2","2","2","2","2","2","2","2","2","2","2","2","2","2","2","2","2","2","2","2","2","2","2","2","2","2","2","2","2","2","2","2","2","2","2","2","2","2","2","2","2","2","2","2","2","2","2","2","2","2",
"HOMER_QUIZ_1046504","","MULTICHOICE","1","1","1","3","1","1","5","1","4","1","1","5","1","1","1","1","1","1","1","5","1","1","1","1","1","1","1","5","1","1","1","1","5","1","5","1","5","1","1","5","5","1","1","1","1","1","1","1","1","5","1","1","1","1","1","5","5","5","1","1","1","5","1","1","1","1","1","1","5","1","1","1","5","5","5","1","5","5","5","1","1","1","1","1","1","4","5","1","1","1","1","2","1","1","1","5","1","1","5","1","1","1","1","1","1","1","1","5","1","1","5","2","4","5","5","5","5","5","1","5","1","5","1","1","5","1","1","1","1","5","1","5","1","1","5","1","1","1","1","1","1","5","5","1","5","1","1","1","1","1","1","5","1","5","1","1","5","1","1","1","1","5","1","2","1","5","1","1",
"HOMER_QUIZ_1046442","","MULTICHOICE","3","1","3","3","3","3","3","2","2","3","3","3","3","1","3","3","3","3","3","3","3","3","3","3","4","2","3","3","3","2","4","3","3","2","3","3","3","3","3","3","3","3","3","3","3","3","3","3","4","3","3","2","3","4","3","3","3","3","2","3","3","3","3","3","3","2","2","3","4","3","3","3","3","3","3","3","2","3","3","3","3","4","3","3","4","3","2","3","3","4","1","3","3","2","1","3","4","2","4","3","3","3","3","3","3","3","3","3","2","3","3","3","3","3","4","4","3","3","3","3","3","3","2","3","3","3","3","3","1","4","3","3","3","3","3","3","3","2","3","3","3","3","3","3","4","3","3","3","2","3","3","3","3","3","2","2","4","3","3","3","3","3","2","3","3","3","4","2",
"HOMER_QUIZ_1046505","","MULTICHOICE","4","1","2","4","4","4","4","4","4","4","4","4","4","4","4","4","4","4","4","4","2","4","4","4","4","4","4","4","4","4","4","4","4","4","4","4","4","4","4","4","4","4","4","4","4","4","4","4","4","4","4","4","4","4","4","4","4","2","4","4","4","4","4","4","4","4","4","4","4","4","4","4","4","4","4","4","4","4","4","4","4","4","4","4","4","4","1","4","2","4","4","4","4","4","4","4","4","2","2","4","4","4","4","4","4","4","1","4","4","4","3","4","4","4","4","4","4","2","4","4","2","4","4","4","4","4","4","4","4","4","4","4","4","4","4","4","4","4","4","4","4","4","4","4","4","1","2","4","2","4","4","4","4","4","4","4","4","4","4","4","4","4","4","4","4","4","4","4",
"HOMER_QUIZ_1046506","","MULTICHOICE","1","1","1","4","4","1","1","4","1","1","1","4","4","1","4","4","4","1","1","4","4","1","1","4","1","4","4","4","1","4","1","1","4","1","1","4","1","1","4","4","1","1","1","4","4","1","4","1","4","4","4","1","4","1","1","4","4","1","4","4","1","4","1","4","1","1","4","4","1","4","2","1","2","1","1","1","4","1","1","1","1","1","4","4","1","4","1","4","1","4","4","1","1","1","4","1","1","4","4","3","1","4","1","4","4","4","4","1","1","1","4","4","4","1","4","1","4","4","1","4","1","1","4","4","4","1","4","4","1","1","4","4","4","1","4","1","1","4","1","1","1","4","4","1","3","1","4","4","4","3","1","4","1","1","4","1","4","1","4","1","4","4","4","4","4","1","4","4",
"HOMER_QUIZ_1046443","","MULTICHOICE","4","1","2","2","2","4","2","4","4","2","4","2","4","4","4","4","4","4","4","4","4","4","3","4","2","4","2","2","4","2","2","4","4","4","4","2","4","4","2","3","4","4","4","4","2","2","2","3","4","4","4","2","4","4","2","2","4","2","2","4","2","3","4","2","4","4","4","4","2","4","2","2","4","2","4","4","4","4","4","4","2","4","4","4","4","4","2","4","2","4","4","4","4","4","4","3","4","2","2","4","4","2","2","4","4","4","4","4","4","4","2","2","2","4","4","2","4","2","4","4","4","2","4","4","3","4","4","4","2","4","4","2","4","3","1","4","3","2","4","3","4","4","2","4","2","2","4","4","2","4","4","4","2","4","2","4","2","4","2","2","4","4","4","2","4","2","4","4",
"HOMER_QUIZ_1046490","","MULTICHOICE","2","1","4","4","4","4","4","4","4","4","2","4","4","4","4","4","4","4","4","4","4","4","4","4","4","4","4","4","4","4","4","4","4","4","4","4","4","4","4","4","4","4","4","4","4","4","2","4","4","4","4","4","4","4","4","4","2","4","4","4","2","4","4","4","4","4","2","4","4","4","4","4","4","4","4","4","4","4","4","2","4","4","4","4","4","4","4","4","4","4","4","2","2","4","4","4","4","3","4","4","2","4","4","4","2","4","4","4","4","4","3","4","4","4","4","4","4","2","4","4","4","4","4","4","2","4","4","4","4","4","2","4","4","4","4","4","4","3","4","4","4","4","4","4","4","4","4","4","4","4","4","4","4","4","4","4","4","4","4","2","4","4","2","4","4","4","4","4",
"HOMER_QUIZ_1046534","","MULTICHOICE","2","1","3","2","3","2","3","2","2","2","2","2","2","1","2","2","2","3","2","2","2","2","1","2","2","1","3","2","2","2","2","2","3","1","2","2","2","2","2","2","2","2","2","2","2","3","2","2","2","3","3","2","2","3","2","2","2","2","2","2","2","2","2","2","2","2","3","2","2","2","2","3","2","2","2","2","2","2","2","2","2","2","2","2","1","2","1","2","2","2","3","2","2","2","2","2","2","2","1","2","2","1","2","2","1","2","2","2","2","2","2","2","1","3","2","2","2","2","2","2","2","2","2","1","2","2","2","2","2","2","2","2","2","2","1","2","2","2","2","2","2","2","2","2","2","2","2","2","2","2","2","2","2","2","2","2","1","2","2","2","3","2","2","2","2","2","1","3",
"HOMER_QUIZ_1046535","","MULTICHOICE","5","1","3","5","5","5","2","5","4","5","1","1","1","3","4","4","5","5","5","5","5","1","1","5","5","3","1","5","5","1","3","4","5","1","5","5","5","5","2","5","3","1","3","5","5","3","1","1","5","5","5","5","5","5","5","1","5","5","5","5","1","1","3","5","5","3","1","5","2","5","5","5","2","3","2","1","1","3","5","4","2","2","5","1","2","5","3","4","5","5","3","1","2","2","1","5","4","3","5","1","5","2","1","2","5","1","5","4","1","5","5","3","3","5","3","5","2","5","5","5","3","3","5","5","4","3","3","4","3","5","3","3","5","1","5","2","5","5","5","3","1","5","5","3","2","5","2","5","3","3","5","2","5","5","5","5","5","2","3","5","1","2","5","5","1","3","1","5",
"HOMER_QUIZ_1046446","","MULTICHOICE","3","1","3","3","3","3","3","3","2","3","3","3","3","3","3","3","5","3","3","3","3","3","3","3","3","3","3","5","3","3","3","3","3","3","3","3","3","3","3","3","1","3","3","3","3","3","3","5","3","3","3","3","3","3","3","3","3","3","3","3","3","3","3","3","3","3","3","3","3","3","3","3","3","3","3","3","3","5","3","3","3","3","3","3","3","3","3","3","5","3","3","3","3","3","5","3","3","3","3","3","3","3","5","3","3","3","3","3","3","3","3","3","3","3","3","3","3","3","3","3","3","3","3","3","3","3","3","3","3","3","3","3","3","3","3","5","3","3","3","4","3","3","3","3","3","3","5","5","3","3","3","3","3","3","3","3","3","3","3","3","3","3","3","3","2","3","5","3",
"HOMER_QUIZ_1046507","","MULTICHOICE","4","1","3","3","4","4","2","4","4","2","4","5","4","4","4","4","5","3","3","3","4","4","4","4","5","4","2","4","2","5","2","2","3","2","4","4","4","2","3","3","3","3","5","4","4","4","5","2","4","4","3","2","3","2","3","4","4","4","4","2","3","2","3","4","4","2","4","2","4","5","5","5","2","4","2","4","4","5","3","3","3","5","3","2","4","2","4","4","4","4","3","4","3","2","4","3","4","4","2","2","2","3","4","3","4","4","4","4","4","4","4","3","2","3","3","3","3","4","3","4","5","2","3","4","4","5","4","4","2","3","4","5","3","4","4","4","5","2","2","2","4","2","3","4","2","3","3","3","4","2","4","2","4","4","5","3","4","4","4","3","4","5","4","4","5","2","4","4",
"HOMER_QUIZ_1046447","","MULTICHOICE","4","1","4","4","4","4","1","4","4","4","4","4","4","4","4","4","4","4","4","4","4","4","4","1","4","4","4","4","4","4","1","4","4","2","4","4","4","4","4","4","4","4","4","4","1","4","4","4","4","1","4","4","4","4","4","1","4","4","1","4","4","4","1","4","4","4","1","1","4","4","4","4","4","1","4","4","4","1","4","4","4","4","4","4","4","4","4","4","4","4","1","4","4","4","4","4","4","4","4","4","4","4","4","4","4","4","4","4","4","4","4","4","4","1","4","4","4","4","1","4","4","4","1","4","4","4","1","4","4","1","4","4","4","4","4","4","4","4","4","4","4","4","4","4","4","4","4","4","1","4","4","4","4","4","1","4","4","4","4","4","4","4","4","4","1","4","4","4",
"HOMER_QUIZ_1046448","","MULTICHOICE","2","1","3","4","4","3","4","2","3","2","3","2","2","1","2","3","3","4","2","3","4","1","3","2","2","1","4","4","2","1","3","4","3","3","4","2","4","1","3","4","2","2","4","2","2","2","4","1","3","3","3","2","4","4","4","3","2","4","1","3","2","1","3","2","2","2","3","2","2","3","2","3","2","2","4","3","3","3","2","4","2","2","2","4","4","3","4","4","3","3","3","2","2","2","4","2","4","2","2","3","2","1","4","3","2","2","2","4","3","3","4","2","2","4","4","4","2","2","2","3","4","3","2","2","2","4","2","4","2","4","3","2","3","1","4","1","2","3","4","2","2","4","3","2","2","2","2","4","2","3","4","3","4","4","2","4","2","3","2","3","2","4","2","3","3","3","2","2",
"HOMER_QUIZ_1046449","","MULTICHOICE","1","1","3","1","1","1","1","2","1","1","1","3","1","2","1","1","1","1","3","1","1","1","1","1","1","1","1","1","1","1","1","1","3","1","1","4","1","1","1","1","4","4","1","1","1","3","1","1","1","1","2","1","1","1","1","1","1","2","1","1","1","1","1","1","3","1","1","1","1","1","1","1","1","1","1","1","1","3","4","1","2","1","2","1","1","1","1","2","1","1","1","1","1","1","1","1","1","2","1","3","4","1","2","1","2","1","1","1","1","1","1","1","2","1","2","1","1","1","4","2","1","1","3","3","2","1","2","1","2","1","1","1","1","1","1","4","2","4","1","1","2","1","1","1","1","2","2","1","1","1","1","1","1","1","1","1","1","1","1","1","1","1","1","1","1","1","1","1",
"HOMER_QUIZ_1046508","","MULTICHOICE","4","1","4","4","4","4","4","3","4","4","4","3","4","5","4","4","4","4","4","4","4","4","4","4","4","4","4","4","4","4","4","4","4","5","1","4","4","4","4","4","4","4","4","4","4","4","4","4","4","4","4","4","4","4","4","4","4","4","4","4","4","1","4","4","4","4","4","4","4","4","4","4","4","5","4","4","4","4","4","4","4","4","4","4","4","4","4","4","4","4","4","4","5","4","4","4","4","4","4","4","4","4","4","4","4","4","3","5","1","4","4","4","4","4","5","4","4","4","4","4","4","1","4","4","5","4","4","4","4","2","4","4","4","4","4","4","4","5","4","1","4","4","4","4","4","4","1","4","4","4","4","4","4","4","4","4","5","4","4","4","4","4","4","4","4","4","4","4",
"HOMER_QUIZ_1046737","","MULTICHOICE","3","1","3","4","3","3","3","3","2","3","3","3","3","3","3","3","3","3","3","3","3","3","3","3","4","3","3","3","3","3","3","3","3","3","3","3","4","3","3","3","3","3","3","3","3","3","3","4","3","3","3","3","3","3","3","3","3","3","3","3","4","3","3","3","3","3","3","3","3","3","4","3","3","3","4","3","3","3","3","3","3","3","3","3","3","3","3","3","3","3","3","3","3","4","3","3","3","4","3","3","3","3","4","3","3","3","3","3","3","3","3","3","3","3","3","3","3","3","3","3","3","3","3","3","3","3","3","3","3","3","3","3","3","3","3","3","3","3","3","3","3","3","3","3","3","3","3","3","3","2","3","4","3","3","3","3","3","3","3","3","3","3","3","3","3","3","3","3",
"HOMER_QUIZ_1046537","","MULTICHOICE","3","1","5","4","5","3","3","3","3","3","4","1","1","4","3","3","4","1","1","4","5","4","5","5","3","3","5","3","1","4","4","2","3","3","3","3","3","2","4","4","4","3","3","1","4","3","1","5","3","5","3","1","3","1","3","3","1","1","4","3","4","1","1","1","4","4","3","5","2","5","4","4","5","3","5","2","3","3","5","1","1","4","4","1","3","3","3","1","3","3","5","5","4","1","5","3","1","4","3","5","1","1","3","3","3","3","5","1","3","4","3","1","4","3","4","4","1","3","1","3","5","4","4","4","3","5","3","3","1","5","3","4","5","3","1","5","5","4","5","3","3","5","1","4","3","3","4","4","3","4","2","1","1","4","3","4","5","4","4","4","3","1","5","5","5","3","5","2",
"HOMER_QUIZ_1046451","","MULTICHOICE","1","1","1","1","1","1","1","1","1","1","1","1","1","3","1","4","1","1","1","1","1","1","1","2","1","1","1","1","1","1","1","1","1","1","1","3","1","1","1","1","1","1","1","1","1","1","2","1","1","1","1","1","1","1","1","1","1","1","2","1","1","1","1","1","1","1","1","1","1","1","1","1","1","1","1","2","1","2","1","1","3","2","1","1","1","1","1","1","1","1","2","1","1","1","1","1","3","2","1","2","1","1","1","1","1","1","1","1","1","1","1","1","4","1","1","1","2","1","1","1","2","2","1","1","3","1","1","2","1","2","1","1","1","1","2","1","1","1","1","1","1","1","1","1","1","1","1","1","1","1","1","3","1","1","1","1","1","1","1","1","1","1","1","1","1","1","1","1",
"HOMER_QUIZ_1046509","","MULTICHOICE","2","1","2","2","1","2","2","1","1","2","2","4","2","2","2","2","2","2","2","2","2","2","2","4","2","2","2","2","2","4","4","2","2","2","2","2","1","2","2","2","2","2","2","2","2","2","2","2","2","2","2","2","2","2","2","2","2","2","2","2","2","2","1","2","2","2","2","1","2","2","2","2","2","2","2","2","2","4","4","1","3","2","2","2","2","2","1","2","2","2","2","2","2","2","2","2","2","2","1","4","1","1","4","2","2","2","2","2","2","2","2","2","1","2","3","2","4","2","2","2","2","1","2","2","2","2","2","2","2","2","2","2","2","2","2","4","2","2","2","2","4","1","4","2","2","1","2","2","2","2","2","2","2","2","2","2","2","2","2","1","2","1","1","2","2","4","2","2",
"HOMER_QUIZ_1046903","","MULTICHOICE","2","1","0","3","2","2","2","2","2","2","2","2","2","2","2","3","2","2","2","2","2","2","2","2","2","2","2","3","2","2","2","2","2","2","2","2","2","3","2","1","2","2","3","2","2","2","2","2","2","2","2","2","2","2","3","4","2","2","2","2","1","3","2","2","3","2","2","2","2","2","2","2","2","2","2","2","2","2","3","2","2","2","4","2","2","2","2","3","2","2","2","2","2","2","2","2","1","2","2","4","2","2","2","2","2","2","2","2","3","2","2","3","2","2","2","2","2","2","2","2","2","2","2","2","2","2","2","2","2","2","2","3","2","2","3","3","2","1","3","2","2","2","2","2","2","2","2","2","4","2","2","2","1","1","2","2","2","2","1","2","2","2","2","2","2","2","2","2",
"HOMER_QUIZ_1046538","","MULTICHOICE","5","1","4","5","4","5","5","5","5","5","2","5","2","5","5","5","5","4","5","5","4","5","5","4","5","4","5","5","5","5","5","5","5","5","4","5","5","5","4","4","5","4","4","5","4","4","5","5","5","5","5","4","5","5","5","5","5","4","5","5","4","5","5","5","1","5","4","5","4","4","5","5","5","5","5","5","5","5","4","5","4","5","4","4","5","4","5","4","5","5","5","5","4","5","5","4","5","4","5","5","5","5","5","5","5","5","4","5","4","5","5","4","5","5","5","4","5","5","4","4","5","3","5","5","5","5","5","2","3","5","5","5","5","5","5","5","5","4","5","5","5","5","5","5","5","5","5","5","4","4","5","4","5","4","5","4","5","5","5","5","5","4","5","5","5","5","5","5",
"HOMER_QUIZ_1046902","","MULTICHOICE","3","1","0","4","4","4","4","4","1","4","4","1","5","1","2","5","4","1","2","4","4","5","4","4","4","1","4","5","2","4","1","5","4","5","2","5","4","4","5","4","4","4","4","4","1","4","4","5","4","5","4","1","5","4","5","4","5","5","1","4","5","4","1","4","4","4","4","4","5","4","2","5","4","4","5","4","4","1","2","4","4","1","4","4","4","4","5","4","5","4","5","2","4","4","4","5","1","2","5","5","5","2","4","1","4","4","4","4","4","5","5","5","5","4","2","1","5","4","1","5","4","4","4","4","4","4","1","4","4","3","4","4","5","4","1","2","2","4","4","1","4","1","5","1","5","4","5","2","4","4","4","1","4","1","4","1","2","5","5","4","4","5","5","4","5","4","5","4",
"HOMER_QUIZ_1046539","","MULTICHOICE","3","1","3","3","3","3","3","3","3","3","4","3","3","3","3","4","3","3","3","3","3","2","3","3","2","3","3","3","3","3","3","3","3","1","3","3","3","3","3","3","4","1","3","3","3","3","2","3","3","3","4","2","3","3","4","3","3","3","3","3","4","3","3","3","3","3","3","3","3","3","3","3","4","3","4","3","3","3","3","3","4","4","3","3","4","3","3","3","3","4","3","4","3","4","3","3","2","3","3","2","3","3","3","3","3","3","3","3","2","3","3","3","3","3","1","3","3","3","3","3","3","3","2","3","3","3","3","3","3","3","3","3","2","4","3","3","4","3","3","2","3","3","3","3","3","3","3","4","3","3","3","4","4","3","3","3","3","3","3","3","3","3","3","3","3","3","3","3",
"HOMER_QUIZ_1046511","","MULTICHOICE","1","1","2","3","1","3","2","1","1","3","2","1","1","4","1","1","1","3","1","3","3","1","1","2","4","3","1","3","1","1","1","4","1","1","1","4","2","1","2","1","2","2","1","1","3","3","1","1","1","1","1","4","4","1","1","1","1","3","1","3","1","2","3","4","1","4","1","4","1","1","1","4","1","2","1","2","1","2","1","3","1","3","2","1","1","1","3","1","2","3","4","1","3","3","1","1","3","4","3","3","3","2","3","2","1","3","1","4","3","4","4","1","2","3","1","1","2","3","1","1","3","2","4","2","1","1","2","1","3","3","1","1","4","1","1","4","1","3","1","1","1","3","3","1","2","4","4","1","3","2","1","4","3","1","2","4","1","1","2","2","1","1","1","3","3","3","4","4",
"HOMER_QUIZ_1046453","","MULTICHOICE","3","1","3","3","3","3","3","3","3","3","3","3","3","3","3","3","3","3","3","3","3","3","3","3","3","3","3","3","3","3","3","3","3","3","3","3","3","3","3","3","3","3","3","3","3","3","2","3","3","3","3","3","3","3","3","3","3","3","2","3","3","3","3","3","3","3","3","3","3","3","3","3","3","3","3","3","3","3","3","3","3","3","3","3","3","3","3","3","3","3","3","3","3","3","3","3","3","3","3","3","3","3","3","3","3","3","2","3","3","3","3","3","3","3","3","2","3","3","3","3","3","3","3","3","3","3","3","3","3","3","3","3","3","3","3","3","3","3","3","3","3","3","3","3","3","3","3","3","3","3","3","3","3","3","3","3","3","3","3","3","3","3","3","3","3","3","3","3",
"HOMER_QUIZ_1046738","","MULTICHOICE","4","1","4","3","4","4","4","2","3","4","5","2","4","4","4","4","4","4","4","4","1","4","4","4","3","4","2","4","4","4","4","4","4","4","4","4","4","2","4","1","4","4","4","4","4","4","4","3","5","4","4","4","4","5","4","4","4","4","4","4","1","4","3","4","4","4","4","4","4","4","4","4","4","4","1","4","2","1","4","1","5","4","4","4","3","4","5","4","4","4","4","4","4","5","4","4","4","4","4","4","3","4","4","4","4","4","4","4","4","4","3","4","4","4","1","4","3","4","4","4","5","4","1","1","4","5","4","4","4","2","4","4","5","4","3","1","4","2","4","4","4","3","4","4","3","4","3","4","4","4","4","4","5","4","1","4","4","1","4","4","4","4","4","5","4","4","2","4",
"HOMER_QUIZ_1046512","","MULTICHOICE","2","1","2","2","2","2","2","2","3","2","3","3","2","2","2","2","2","2","2","2","2","2","2","2","2","3","2","3","2","3","2","2","2","2","2","2","2","3","2","2","2","2","2","2","2","2","2","2","3","2","2","2","2","2","3","2","2","2","2","2","2","2","2","2","2","2","2","3","2","3","2","3","3","2","2","2","2","2","2","2","3","3","2","2","2","2","3","3","2","2","2","2","2","3","2","2","2","3","2","2","2","3","2","2","2","2","2","2","2","2","2","2","2","3","2","2","2","3","2","2","3","1","3","2","2","2","3","2","2","2","2","3","3","2","2","1","2","3","2","2","2","2","3","2","2","4","2","2","2","3","2","2","2","2","2","3","2","2","2","2","2","2","2","2","3","2","2","2",
"HOMER_QUIZ_1046454","","MULTICHOICE","1","1","1","1","1","1","3","1","1","1","1","1","3","1","1","1","1","1","1","1","1","3","1","1","3","1","3","1","1","1","3","1","1","1","1","1","3","1","1","3","1","1","1","1","1","1","1","1","1","1","1","3","1","1","1","1","1","1","1","1","1","1","1","3","1","1","1","1","4","1","1","1","1","1","3","1","1","1","1","1","1","1","1","1","3","1","1","1","1","1","1","1","1","1","1","1","1","1","4","1","1","4","1","1","1","1","1","2","1","1","1","1","2","1","1","1","2","1","3","1","1","1","1","1","1","1","1","1","1","3","3","1","1","1","1","1","1","3","1","1","1","1","3","1","1","1","1","1","1","3","1","1","1","1","1","1","1","1","1","1","1","1","1","1","1","1","1","1",
"HOMER_QUIZ_1046540","","MULTICHOICE","3","1","3","3","3","3","3","3","3","3","3","3","3","1","3","3","3","3","1","3","3","3","2","3","3","3","3","3","3","3","3","2","1","3","3","3","3","3","3","3","3","3","3","3","3","3","3","3","3","3","3","3","3","1","1","3","3","2","3","3","2","2","3","3","1","3","3","2","3","3","3","3","3","3","3","3","3","3","3","3","3","1","3","3","2","3","3","3","3","3","2","2","3","3","3","2","3","3","3","3","1","3","3","3","3","3","3","3","3","3","3","3","3","3","3","1","3","3","3","3","3","3","3","3","3","3","1","3","1","3","2","3","3","3","3","3","2","3","3","3","3","3","3","3","3","2","3","3","3","3","3","3","1","3","3","3","3","3","3","3","3","3","2","3","3","3","3","3",
"HOMER_QUIZ_1046444","","MULTICHOICE","2","1","2","2","2","2","3","1","5","3","1","2","3","1","2","2","1","1","3","4","1","3","3","3","1","2","1","2","3","1","4","2","2","2","1","1","1","2","5","1","2","5","1","4","2","1","2","3","2","1","2","1","1","2","1","3","2","4","3","1","4","3","3","3","1","1","3","3","3","1","3","1","3","2","3","3","1","4","3","4","3","4","2","1","1","3","1","4","1","1","2","1","3","3","1","3","1","3","2","4","1","4","3","1","1","1","1","2","3","4","1","4","1","2","1","3","2","2","1","1","4","4","1","3","1","4","3","5","4","4","3","1","1","2","5","2","2","4","3","2","1","3","1","1","1","1","3","1","3","1","3","2","1","4","5","1","2","4","3","5","1","1","1","1","1","5","2","3",
"HOMER_QUIZ_1046455","","MULTICHOICE","1","1","1","1","1","1","1","1","3","1","1","1","1","1","3","1","1","1","1","2","2","1","1","1","1","2","1","2","1","1","1","1","2","1","1","2","1","2","3","3","1","1","1","2","4","2","2","1","1","3","1","1","2","1","1","2","1","2","1","1","1","2","3","1","2","1","1","1","1","3","1","2","1","3","3","1","2","1","2","1","3","1","1","2","1","1","2","1","1","1","2","2","1","1","2","1","1","3","1","1","2","1","2","1","1","1","4","2","1","1","1","1","4","1","2","1","2","1","3","1","3","2","1","1","2","2","2","1","1","2","3","3","2","1","1","3","2","2","1","3","1","3","1","4","1","1","3","2","3","2","1","1","1","1","2","3","2","2","2","1","2","2","1","1","1","1","1","1",
"HOMER_QUIZ_1046739","","MULTICHOICE","5","1","5","5","5","5","1","1","5","5","5","1","1","5","5","5","5","5","5","5","5","5","5","5","5","5","5","5","5","5","5","5","5","5","5","5","5","5","5","5","5","5","1","5","5","5","1","5","1","5","5","5","5","5","5","5","5","5","5","5","5","5","5","5","5","5","2","5","5","5","5","5","5","5","5","1","1","5","5","5","5","5","5","5","5","5","5","5","1","5","5","5","5","5","5","1","5","5","5","5","5","5","5","5","5","5","5","5","5","1","5","5","5","5","5","5","5","5","5","5","5","5","5","5","5","5","5","5","1","5","5","5","5","5","5","5","1","5","5","5","5","5","5","5","5","5","5","5","5","5","5","5","5","5","5","5","5","5","5","5","5","5","5","5","5","5","5","1",
"HOMER_QUIZ_1046456","","MULTICHOICE","2","1","2","2","2","2","2","2","2","2","2","1","2","2","2","2","2","2","2","2","2","2","2","2","2","2","2","2","2","2","2","2","2","2","2","1","2","2","2","2","2","2","2","2","2","2","2","2","2","2","2","2","2","2","2","2","2","2","2","2","2","2","2","2","2","2","2","2","2","2","2","2","2","2","2","2","2","2","2","2","2","2","2","2","2","2","2","2","2","2","2","2","2","2","2","2","2","2","2","2","2","2","2","2","2","2","2","2","2","2","2","2","2","2","2","2","2","2","2","2","2","2","2","2","2","2","2","2","2","2","2","2","2","2","2","2","2","2","2","2","2","2","2","2","2","2","2","2","2","2","2","2","2","2","2","2","2","2","2","2","2","2","2","2","2","2","2","2",
"HOMER_QUIZ_1046513","","MULTICHOICE","1","1","1","1","3","1","1","1","1","3","1","1","3","3","1","3","1","1","1","1","1","1","3","1","1","1","1","1","1","1","1","3","1","3","3","1","2","1","1","1","1","1","1","1","1","1","1","1","1","1","2","1","1","1","1","1","1","1","1","1","1","3","1","1","1","3","1","3","1","1","1","1","1","1","1","1","1","1","1","2","1","1","1","1","1","1","1","1","1","1","1","1","1","1","1","1","3","3","1","1","1","1","1","1","1","1","1","1","3","1","1","1","1","1","1","3","1","1","1","1","1","1","1","1","1","3","1","1","1","1","3","1","3","1","3","1","1","3","3","1","1","1","1","1","1","3","1","1","1","1","2","1","1","1","1","1","1","1","1","1","1","1","1","1","3","1","1","1",
"HOMER_QUIZ_1046740","","MULTICHOICE","2","1","4","4","3","2","2","3","3","4","3","3","1","4","2","3","4","3","5","4","3","5","1","3","1","3","2","2","5","2","3","3","3","3","4","3","2","3","3","3","5","2","3","3","4","2","4","4","2","5","3","2","2","1","3","4","3","3","3","5","3","1","4","2","3","5","3","3","4","3","3","4","2","5","3","4","3","5","2","2","1","3","3","1","4","5","3","3","4","1","1","3","2","3","4","3","3","2","3","3","4","3","1","5","4","3","5","4","1","3","4","3","2","3","3","3","5","3","1","3","4","2","3","4","3","3","4","3","1","3","4","1","4","3","2","5","4","5","5","1","3","4","1","2","4","4","4","1","2","1","1","3","4","4","3","3","4","4","5","4","3","4","3","1","5","3","4","5",
"HOMER_QUIZ_1046543","","MULTICHOICE","1","1","4","5","5","5","5","4","4","1","5","2","4","5","5","5","5","1","1","5","5","4","4","1","5","1","5","1","4","1","1","5","1","1","1","1","1","2","1","1","1","1","4","5","1","5","1","5","2","1","5","5","5","5","5","4","1","1","4","5","5","4","1","4","1","5","4","1","4","1","5","5","4","2","1","1","1","1","1","4","1","5","1","1","5","5","4","1","4","1","4","1","1","5","5","5","5","5","4","5","1","5","5","5","5","5","5","5","1","1","4","5","4","1","5","1","5","1","1","5","5","4","5","1","1","1","5","5","4","4","5","5","1","4","1","2","4","5","5","4","1","1","1","1","1","5","1","5","5","1","1","2","4","5","5","1","1","5","1","1","5","4","5","1","5","4","5","1",
"HOMER_QUIZ_1046514","","MULTICHOICE","3","1","3","3","3","3","3","3","3","3","3","3","3","3","3","3","3","3","3","3","3","3","3","3","3","3","3","3","3","3","3","3","3","3","1","3","3","3","3","2","3","3","3","3","3","3","3","3","3","3","3","3","3","3","3","3","4","3","3","3","1","3","3","3","3","3","3","3","3","3","3","3","3","3","3","3","3","3","3","3","3","3","3","3","3","3","3","3","1","3","3","3","3","3","3","3","3","1","3","3","3","3","3","3","3","3","3","3","3","3","3","3","3","3","4","3","3","3","3","3","3","3","3","3","3","3","3","1","3","3","3","3","3","3","3","3","1","3","3","3","3","3","3","3","3","1","3","3","3","3","3","3","3","3","3","3","3","3","3","3","3","3","3","3","3","3","3","3",
"HOMER_QUIZ_1046457","","MULTICHOICE","4","1","4","4","3","3","4","4","3","4","4","4","3","3","3","4","4","4","4","4","4","4","4","4","4","4","4","4","4","4","4","4","4","3","3","3","3","4","4","4","4","3","4","4","3","3","4","4","4","3","4","3","4","3","4","4","4","4","4","4","4","4","3","4","3","4","4","4","3","3","4","4","4","3","4","4","4","4","3","4","3","4","3","3","4","4","4","4","4","4","4","3","3","4","4","4","4","4","3","4","4","4","4","4","4","4","4","4","4","3","4","4","3","4","3","4","4","3","4","4","3","3","4","4","4","4","4","3","4","4","4","4","4","4","4","4","4","4","4","4","4","3","4","4","4","4","4","4","4","4","4","3","4","4","4","4","4","4","4","4","4","4","4","4","4","4","3","4",
"HOMER_QUIZ_1046515","","MULTICHOICE","1","1","4","1","1","1","2","2","1","1","1","4","2","1","1","1","1","1","1","1","1","2","1","1","2","1","1","1","1","1","1","1","4","3","1","2","1","1","1","1","1","2","1","1","1","1","4","1","1","2","1","4","1","1","1","1","2","1","4","1","4","2","2","1","1","1","1","1","4","2","4","1","2","1","1","1","4","2","1","2","4","2","1","1","1","1","2","2","1","4","1","1","1","1","1","1","1","4","1","1","1","1","2","1","1","4","1","2","1","2","1","1","1","1","1","1","1","1","1","1","1","1","1","4","1","2","1","1","1","2","2","1","2","1","1","1","2","4","1","2","1","1","4","1","1","2","1","1","1","2","2","2","1","2","1","2","1","4","1","1","1","4","1","2","1","1","1","1",
"HOMER_QUIZ_1046458","","MULTICHOICE","2","1","2","2","1","2","1","2","2","1","1","1","1","1","2","2","1","2","2","2","1","1","1","1","1","2","1","2","2","2","2","1","1","1","2","1","1","1","2","1","1","2","2","2","1","1","2","1","2","1","1","1","2","1","2","1","1","2","1","2","1","1","2","1","1","2","2","2","2","2","1","3","1","2","2","1","2","1","2","2","1","2","1","2","1","2","2","1","1","2","1","1","1","1","2","2","2","2","1","2","1","2","2","2","2","1","2","1","1","1","1","1","1","2","1","1","1","2","2","1","1","2","1","1","1","2","1","1","1","1","1","2","1","1","2","2","4","5","1","1","1","1","2","1","1","2","1","2","1","2","2","1","1","2","2","1","2","2","1","2","2","2","1","2","1","2","2","2",
"HOMER_QUIZ_1046459","","MULTICHOICE","4","1","4","4","4","4","4","4","4","4","4","4","4","4","4","4","4","4","4","4","4","4","4","1","4","4","4","4","4","4","4","4","4","4","4","4","4","4","4","4","1","4","4","4","4","4","4","4","4","4","4","4","4","4","4","4","1","4","4","4","4","4","4","4","2","4","4","4","4","4","4","4","4","4","4","4","4","4","4","4","4","4","4","4","4","4","4","4","4","4","2","4","4","4","4","4","4","4","4","4","4","1","4","4","1","4","4","4","1","4","4","4","4","4","4","4","4","4","4","4","4","4","2","4","4","4","4","4","4","4","4","4","4","4","4","4","4","4","4","4","4","4","4","4","4","4","4","2","4","1","4","4","4","4","4","4","4","4","4","4","4","4","4","4","4","4","1","4",
"HOMER_QUIZ_1046460","","MULTICHOICE","2","1","2","2","3","2","3","2","2","2","2","2","2","1","2","2","2","2","2","2","2","2","1","2","2","3","2","2","2","2","2","2","2","2","2","2","2","2","2","2","2","2","2","2","2","2","2","2","2","2","2","2","2","2","2","1","2","2","2","2","2","2","2","2","2","2","2","2","2","2","2","2","2","2","2","2","2","2","2","2","2","2","2","2","2","2","2","1","2","2","3","1","2","2","2","2","2","2","2","2","3","2","2","2","2","2","2","2","1","2","1","2","2","2","1","2","1","2","2","2","2","3","1","2","2","2","2","2","2","3","2","2","2","2","2","2","2","2","2","2","1","2","2","2","2","2","2","2","2","2","2","2","2","2","2","2","2","2","2","2","2","2","2","2","2","2","2","2",
"HOMER_QUIZ_1046544","","MULTICHOICE","4","1","4","4","4","4","4","4","4","4","2","3","4","4","4","2","4","4","4","4","4","4","3","4","4","4","4","4","4","4","4","4","4","4","4","4","4","2","3","4","4","4","4","4","4","4","4","3","4","4","4","3","4","4","3","3","4","4","4","4","4","4","4","4","4","4","4","4","4","4","4","4","3","4","4","4","4","4","4","3","4","4","4","4","4","4","4","4","4","4","4","4","3","3","3","4","4","4","4","4","4","4","4","4","4","4","4","4","4","1","1","4","4","4","4","3","3","4","4","4","4","4","4","4","4","4","4","4","4","4","3","4","2","4","4","4","4","4","4","4","4","4","4","4","4","4","3","4","2","4","4","4","4","4","4","3","4","4","3","4","4","4","4","3","4","4","4","5",
"HOMER_QUIZ_1046516","","MULTICHOICE","4","1","4","4","2","4","4","4","4","4","4","4","4","4","4","4","3","4","4","4","4","4","4","2","4","4","3","3","3","4","4","3","3","3","4","3","4","4","3","1","3","3","4","4","2","3","4","3","4","4","4","3","3","4","3","3","4","4","4","4","3","4","4","4","3","2","3","4","4","3","4","4","4","4","3","4","3","4","3","4","4","3","4","4","4","4","4","4","3","4","4","4","3","4","4","3","4","1","3","2","4","4","3","4","3","3","1","4","4","4","4","4","4","4","4","4","4","4","4","4","4","4","4","3","3","4","3","2","4","4","3","4","3","4","4","4","4","4","3","3","4","2","4","3","4","4","3","1","3","2","4","4","4","3","2","4","4","4","3","4","3","4","4","4","3","3","3","3",
"HOMER_QUIZ_1046461","","MULTICHOICE","4","1","1","3","4","4","1","4","3","4","4","4","3","4","3","1","1","1","4","4","3","3","1","4","4","4","4","4","4","1","4","4","4","1","4","4","4","4","1","4","4","4","4","4","4","4","4","3","4","4","4","4","4","4","4","4","3","1","1","4","1","4","4","1","1","3","4","4","4","4","4","1","4","4","4","4","4","4","4","4","4","4","4","4","4","1","4","4","4","4","3","4","4","1","4","4","4","1","4","4","3","4","4","3","4","4","4","4","4","1","3","4","4","1","4","3","4","1","3","4","4","4","4","4","4","4","4","4","4","3","4","4","4","4","4","4","3","1","4","4","4","4","1","4","3","4","2","2","4","4","4","4","4","4","4","1","1","1","1","4","1","4","4","1","4","4","4","4",
"HOMER_QUIZ_1046468","","MULTICHOICE","2","1","2","2","2","2","2","2","2","2","2","2","2","2","2","2","2","2","2","2","2","2","2","2","2","2","2","2","2","1","2","2","1","2","2","2","2","2","2","2","1","2","2","2","2","2","2","2","2","2","2","2","2","2","2","2","2","2","2","2","2","2","2","2","2","2","2","2","2","2","1","1","2","2","2","2","2","3","2","2","2","2","2","2","2","2","2","1","1","2","2","2","2","1","2","1","2","2","2","2","2","2","2","2","2","2","2","2","2","2","2","2","2","2","2","2","2","1","2","2","2","2","2","2","2","2","2","2","2","1","1","2","2","2","2","2","2","2","2","2","2","2","2","2","2","2","2","2","2","1","2","1","2","2","2","2","2","1","2","2","2","2","2","2","2","2","2","1",
"HOMER_QUIZ_1046519","","MULTICHOICE","5","1","3","5","4","3","3","5","4","3","5","5","4","4","3","4","3","3","5","3","3","1","3","4","1","3","3","3","5","1","5","5","5","5","3","3","3","4","4","5","5","5","3","5","5","5","2","1","5","3","3","3","5","5","3","3","5","3","3","5","5","3","5","3","3","4","5","3","3","5","3","5","5","3","3","3","4","3","5","5","3","5","5","3","5","3","5","5","3","3","1","3","5","3","1","5","3","1","3","3","5","3","5","4","3","4","5","1","3","1","3","4","4","5","3","5","1","3","3","3","5","1","3","5","3","5","4","3","5","2","3","3","4","3","4","3","3","5","5","3","3","3","3","5","3","3","4","4","3","2","1","3","3","5","3","3","2","5","3","3","1","5","3","5","3","5","1","3",
"HOMER_QUIZ_1046445","","MULTICHOICE","3","1","3","3","3","3","2","1","1","3","3","2","1","3","3","3","3","3","3","1","3","3","3","3","3","3","3","3","3","1","3","3","1","3","3","3","3","3","3","3","2","2","3","1","3","1","3","3","1","3","3","3","3","3","3","3","1","3","1","3","2","3","1","3","3","3","3","1","1","3","3","3","4","3","2","3","3","3","3","3","3","3","2","3","1","3","3","3","3","3","1","3","3","3","1","1","2","3","3","2","3","3","3","3","3","3","3","3","3","3","3","3","3","5","3","3","3","3","1","3","3","3","2","1","3","3","3","3","3","4","3","3","1","2","3","3","3","1","3","3","3","1","3","3","3","3","3","1","3","1","3","3","1","1","3","3","3","1","3","3","1","3","3","3","3","3","3","3",
"HOMER_QUIZ_1046469","","MULTICHOICE","4","1","4","4","4","4","4","4","1","4","4","4","4","4","1","4","4","4","4","1","4","4","4","4","4","4","4","4","4","4","4","4","4","4","4","4","4","4","4","4","4","4","1","4","4","4","4","4","4","4","4","4","4","4","4","1","4","4","1","4","4","4","4","4","1","4","1","4","4","1","4","4","1","4","4","4","4","1","4","4","1","4","4","4","4","4","4","1","1","4","1","4","4","4","4","4","4","4","4","4","4","4","4","4","4","4","4","4","1","4","4","4","4","4","4","4","4","4","4","1","1","4","4","4","4","4","4","4","4","2","1","4","1","1","4","4","4","1","4","4","4","4","4","4","4","4","1","4","4","4","1","4","4","4","4","4","4","4","4","4","1","4","4","4","4","4","4","4",
"HOMER_QUIZ_1046545","","MULTICHOICE","5","1","2","5","5","2","2","1","3","5","5","5","5","2","2","5","5","2","5","4","5","5","5","5","1","2","2","5","5","5","5","5","5","2","5","5","5","5","5","1","5","2","2","2","2","5","5","4","5","5","5","5","2","5","5","5","5","5","2","5","5","5","4","5","5","5","5","2","5","3","5","1","5","5","4","2","5","5","5","2","2","5","5","5","5","2","2","5","5","5","5","2","2","5","5","5","5","1","2","5","5","2","2","5","5","2","5","5","2","2","5","5","5","2","5","5","5","2","5","5","5","5","5","2","2","5","5","2","5","4","2","5","2","2","2","2","2","2","5","5","4","5","5","5","5","5","2","5","2","5","5","2","5","5","5","5","5","2","5","5","5","5","5","5","2","2","5","5",
"HOMER_QUIZ_1046520","","MULTICHOICE","4","1","4","4","4","4","4","4","4","4","4","4","4","4","1","4","4","1","4","4","1","4","4","4","4","4","4","4","4","4","4","4","4","4","4","4","4","4","4","4","4","4","1","4","4","4","4","4","4","4","4","4","4","4","4","4","4","4","1","4","4","4","1","1","4","4","4","4","1","4","4","3","4","4","4","4","3","4","4","4","4","4","4","4","1","4","4","4","4","4","1","4","4","4","4","4","4","4","4","4","4","4","4","4","4","4","4","4","4","4","4","4","1","4","1","4","1","4","4","4","4","4","4","4","4","4","1","4","4","4","4","4","4","4","3","4","4","4","4","4","4","4","4","4","1","4","4","4","1","1","4","4","4","4","4","4","1","4","4","4","4","4","4","4","4","4","4","1",
"HOMER_QUIZ_1046521","","MULTICHOICE","4","1","4","4","4","4","4","4","4","4","4","4","4","4","4","4","4","4","4","4","4","1","4","2","2","1","4","4","4","4","4","4","4","1","4","4","4","2","1","1","4","4","2","4","4","4","4","4","4","4","4","4","4","4","4","4","4","4","4","4","1","4","4","4","4","4","4","4","4","2","4","4","4","4","4","4","4","1","4","4","1","4","4","4","2","4","4","4","4","4","4","4","4","4","2","4","4","4","4","4","4","4","4","4","4","4","4","4","1","1","2","4","4","4","4","4","4","4","4","4","4","4","1","4","4","4","4","4","1","4","4","4","4","4","4","4","4","1","4","4","4","4","4","4","4","1","4","4","4","4","4","4","4","4","4","4","4","4","4","4","4","4","4","4","4","4","4","4",
"HOMER_QUIZ_1046546","","MULTICHOICE","3","1","1","3","1","3","3","3","3","3","3","3","3","3","3","3","3","3","3","3","3","3","3","3","3","3","3","3","3","3","3","3","3","3","3","3","3","5","3","3","3","3","3","3","3","3","3","3","3","3","3","3","3","3","3","3","3","1","3","3","3","3","3","3","3","3","3","3","3","3","3","3","3","3","3","3","3","3","3","3","3","3","3","3","3","3","3","3","3","3","3","3","3","4","3","3","3","5","3","3","3","3","3","3","3","3","3","3","3","3","3","3","3","3","4","3","3","3","3","3","1","3","3","3","3","3","3","3","3","3","3","3","3","3","3","3","3","3","3","3","3","3","3","3","3","3","3","3","3","3","4","3","1","3","3","3","2","3","3","3","3","2","3","3","3","3","3","3",
"HOMER_QUIZ_1046470","","MULTICHOICE","4","1","4","4","1","4","4","4","4","4","4","4","4","2","2","4","3","4","1","4","4","1","4","1","4","4","4","1","4","1","1","1","4","4","1","2","2","4","1","1","1","4","4","2","4","4","2","4","4","4","1","2","4","1","1","4","4","4","4","4","4","4","4","2","4","4","4","1","1","4","4","4","4","4","4","4","4","1","4","4","1","1","4","1","4","4","1","1","4","1","4","1","1","4","4","4","4","4","4","4","4","4","1","1","1","4","2","4","1","4","4","1","2","4","4","4","4","4","4","1","4","4","4","4","4","4","4","4","2","4","4","2","1","4","2","4","4","4","4","1","4","4","4","1","1","1","4","1","1","4","4","1","4","4","4","4","4","4","4","1","4","4","2","1","3","1","4","1",
"HOMER_QUIZ_1046471","","MULTICHOICE","3","1","4","4","2","3","3","4","3","2","3","4","4","4","3","3","4","3","3","4","3","3","3","2","4","3","3","3","3","3","3","3","3","2","2","3","3","3","3","3","3","4","3","4","4","1","4","3","3","3","3","2","4","3","3","3","4","3","3","4","3","3","3","3","3","3","4","3","4","2","2","3","4","4","3","3","3","3","3","3","3","2","3","3","2","3","2","4","3","4","2","3","3","3","4","3","3","3","3","2","3","2","3","4","3","1","1","3","3","4","3","3","3","3","4","3","4","3","1","4","3","3","2","3","3","3","3","4","2","3","3","3","3","3","3","2","3","3","4","4","4","3","3","4","3","3","3","3","4","1","4","2","4","3","3","3","4","3","3","3","3","3","2","2","2","2","3","3",
"HOMER_QUIZ_1046522","","MULTICHOICE","4","1","4","4","4","4","4","4","4","4","4","4","2","4","4","4","4","4","4","4","4","4","4","4","4","5","4","4","4","3","4","2","4","4","4","4","4","2","2","4","4","4","4","4","4","4","4","4","4","2","4","3","4","2","2","4","4","4","4","4","4","2","2","4","1","2","4","4","4","4","4","4","2","2","2","4","4","4","4","2","4","4","2","4","4","4","4","2","4","4","2","4","4","2","4","4","2","2","4","4","2","4","4","4","4","4","2","4","4","4","4","4","4","4","4","4","4","2","4","2","4","4","4","4","2","4","4","2","4","2","4","4","4","4","4","2","4","4","4","4","4","2","4","4","2","4","4","4","2","4","4","4","4","4","4","4","2","4","3","2","4","4","4","4","3","4","4","2",
"HOMER_QUIZ_1046472","","MULTICHOICE","3","1","3","3","3","3","3","3","3","3","3","4","3","3","3","3","3","3","3","3","3","3","3","3","3","3","3","3","3","3","3","3","3","3","3","3","3","3","3","2","3","3","3","3","3","2","2","3","2","3","3","3","3","3","3","3","3","3","3","3","3","3","3","3","3","3","3","3","3","2","2","3","3","2","3","3","2","3","3","3","3","3","3","3","2","3","2","3","3","3","3","3","3","3","3","3","3","3","3","3","2","3","3","3","3","3","3","2","3","3","3","3","2","3","2","3","3","3","3","3","3","3","3","3","3","3","3","3","3","3","3","3","2","3","2","3","4","3","3","3","3","2","3","3","3","3","3","3","3","3","3","2","2","3","3","3","3","3","3","3","3","3","3","3","3","3","3","3",
"HOMER_QUIZ_1046523","","MULTICHOICE","4","1","3","3","4","4","3","3","3","3","4","3","3","4","3","4","3","4","4","3","4","3","4","3","3","3","4","4","4","3","3","4","4","4","3","4","4","3","3","3","3","4","3","4","3","4","4","3","2","4","4","4","4","3","4","2","2","3","3","4","2","3","2","3","4","3","3","4","4","4","3","4","3","4","4","3","2","3","4","2","3","3","3","4","2","4","3","3","4","4","3","3","2","4","3","4","4","3","4","3","4","3","3","4","4","4","4","4","2","3","2","4","2","4","4","3","4","3","3","3","3","4","4","3","4","4","4","4","4","3","3","3","3","4","3","3","2","2","4","3","4","3","3","4","3","4","4","3","3","3","3","2","4","4","3","4","4","3","3","3","3","4","4","4","4","4","3","4",
"HOMER_QUIZ_1046473","","MULTICHOICE","2","1","3","2","2","2","2","2","1","2","2","2","2","2","2","2","3","2","2","1","2","2","2","2","2","2","2","2","2","2","2","2","2","2","2","2","2","2","2","3","2","3","3","2","2","3","3","2","3","2","3","1","2","2","2","2","2","2","2","2","2","2","3","2","2","2","2","2","2","2","2","2","2","3","2","1","2","2","2","2","2","2","2","2","2","3","2","2","2","2","3","3","2","3","2","2","2","2","2","2","2","2","2","2","2","2","2","2","2","2","2","2","2","2","2","2","2","2","2","2","2","2","3","2","2","2","2","2","2","3","2","2","2","2","3","2","3","3","2","2","2","3","2","2","2","2","2","2","2","2","2","2","2","2","2","2","2","1","2","2","2","2","2","2","2","2","2","2",
"HOMER_QUIZ_1046547","","MULTICHOICE","4","1","4","4","2","4","4","4","4","4","4","4","4","4","4","4","4","4","4","4","3","4","4","4","4","2","4","4","4","4","4","4","4","4","4","4","4","4","4","4","4","4","4","4","4","4","4","4","4","4","1","2","4","4","4","1","4","4","4","4","4","4","4","4","4","4","4","2","4","4","4","4","4","4","4","4","4","4","4","4","4","4","4","4","4","4","2","4","4","1","4","4","4","4","4","4","4","1","4","4","4","4","4","4","4","4","2","1","4","4","4","4","4","4","3","4","4","4","4","4","4","4","4","4","4","4","4","4","4","4","4","4","4","4","4","4","2","4","4","4","1","4","4","4","4","4","4","4","4","4","1","4","4","4","4","4","2","4","4","4","4","4","4","4","4","4","4","4",
"HOMER_QUIZ_1046524","","MULTICHOICE","3","1","3","3","3","3","3","3","3","3","3","3","3","3","3","3","3","3","3","3","3","3","3","3","3","3","3","3","3","3","3","3","3","3","3","3","3","3","3","3","3","3","3","3","3","3","3","3","3","3","3","3","3","3","3","3","3","3","3","3","3","3","3","3","3","3","3","3","3","3","3","3","3","3","3","3","3","3","3","3","3","3","3","3","3","3","3","3","3","3","3","3","3","3","3","3","3","3","3","3","3","4","3","3","3","3","3","3","3","3","3","3","3","3","3","3","3","3","3","3","3","3","3","3","3","4","3","3","2","3","3","3","3","3","3","3","3","3","3","3","3","3","3","3","3","3","3","3","3","3","3","3","3","3","3","3","3","3","3","3","3","3","3","3","3","3","3","3",
"HOMER_QUIZ_1046525","","MULTICHOICE","2","1","2","2","2","2","2","2","2","2","2","3","2","1","2","2","1","2","2","4","2","2","2","2","2","2","2","2","3","2","2","2","3","2","2","2","2","2","2","2","3","2","2","2","2","2","2","2","2","2","2","2","2","2","2","2","2","2","2","2","2","2","2","2","2","2","2","2","2","2","2","2","2","2","2","2","2","2","2","2","2","2","2","2","2","2","2","2","2","2","2","2","2","2","2","2","2","2","2","2","2","2","2","3","2","2","2","1","1","2","2","2","2","2","2","2","2","2","2","2","2","2","1","3","2","2","2","2","2","2","2","2","2","2","2","2","2","2","2","2","2","2","2","2","2","2","2","2","2","2","2","2","2","2","2","2","2","3","2","2","3","3","2","2","2","2","2","2",
"HOMER_QUIZ_1046474","","MULTICHOICE","1","1","4","1","1","2","1","1","2","1","1","3","1","1","1","2","1","1","2","1","1","1","1","4","1","3","1","1","1","4","2","1","4","1","2","1","3","1","1","1","1","2","1","1","2","2","1","1","1","4","4","1","1","1","1","1","1","1","1","1","1","1","1","2","4","4","1","2","1","4","1","4","2","1","1","1","1","1","1","1","2","1","2","1","1","1","1","2","1","1","1","2","1","1","1","1","2","2","1","1","4","1","1","1","1","1","4","1","1","2","1","1","4","1","1","1","1","1","2","1","1","1","1","1","1","1","2","1","1","1","1","1","1","4","1","2","1","4","1","1","1","2","4","2","1","2","1","1","1","4","1","1","1","2","1","2","1","1","2","2","1","1","1","1","2","1","1","1",
"HOMER_QUIZ_1046475","","MULTICHOICE","4","1","4","4","4","4","4","4","4","4","4","1","4","4","4","4","4","4","4","4","4","4","4","4","3","4","4","4","4","4","4","4","3","4","4","4","4","4","4","3","4","4","4","4","4","4","4","4","4","4","4","4","4","4","4","4","4","4","4","4","4","4","4","4","4","4","4","4","4","3","4","4","4","4","4","4","4","4","4","4","4","4","4","4","4","4","4","4","4","4","4","4","4","4","4","4","4","4","4","4","4","4","4","4","4","4","4","4","4","4","4","4","4","4","4","4","4","4","4","4","4","4","4","4","4","4","4","4","4","4","4","4","4","4","4","4","4","4","4","4","4","4","4","4","4","4","4","4","4","4","4","4","4","4","4","4","4","4","4","4","4","4","4","4","4","4","4","4",
"HOMER_QUIZ_1046462","","MULTICHOICE","2","1","4","2","2","2","2","2","2","2","2","2","2","2","2","2","2","2","3","2","2","2","2","2","2","2","2","2","2","2","2","2","2","2","2","2","2","2","2","4","2","2","2","2","2","3","2","2","2","2","2","2","2","2","2","2","1","2","2","2","2","2","2","2","2","2","2","2","3","2","2","2","2","2","2","2","3","2","4","2","2","3","2","2","3","2","2","4","2","2","2","2","2","2","2","2","2","3","2","1","2","2","2","2","2","2","2","2","2","2","2","2","2","2","2","2","2","2","2","2","2","2","2","2","2","2","2","2","2","2","2","2","2","2","2","2","2","2","2","2","2","3","2","2","2","2","2","2","2","2","2","2","2","2","2","2","2","2","2","2","2","2","2","2","2","2","2","2",
"HOMER_QUIZ_1046526","","MULTICHOICE","3","1","2","4","3","3","3","3","3","2","3","3","2","3","3","2","3","3","3","2","3","3","3","3","3","3","3","2","3","3","3","3","3","3","3","2","3","3","2","3","4","3","3","3","4","3","3","3","3","3","4","3","3","3","2","4","3","3","3","3","2","3","4","2","3","3","3","2","4","3","3","4","3","4","2","3","3","3","3","4","2","3","3","4","3","3","4","3","3","2","3","3","3","3","4","3","3","3","3","3","3","4","4","3","3","4","3","4","3","2","3","4","2","4","3","3","3","2","2","3","2","2","3","3","3","3","4","3","3","4","3","3","3","2","4","4","2","3","2","3","3","2","3","3","3","3","3","3","3","3","4","3","2","3","3","3","3","4","3","3","2","3","3","4","3","3","3","3",
"HOMER_QUIZ_1046548","","MULTICHOICE","1","1","1","1","1","1","1","1","1","1","1","1","1","4","1","2","1","1","1","1","1","1","1","1","1","1","1","1","1","1","1","1","1","1","2","1","1","1","1","1","1","1","1","1","1","1","1","1","2","1","1","1","1","1","1","1","1","1","1","1","1","1","1","1","1","1","1","1","1","1","1","1","1","1","1","1","1","1","1","1","1","1","1","1","1","1","4","1","1","1","1","1","1","1","1","1","1","1","1","1","4","1","1","1","1","1","1","1","1","1","1","1","1","1","1","1","1","1","1","1","1","1","2","1","1","1","1","1","1","1","1","1","1","1","1","2","4","1","1","1","1","4","1","1","3","4","1","1","1","1","1","1","1","1","1","1","1","1","1","1","1","1","1","1","1","1","1","1",
"HOMER_QUIZ_1046476","","MULTICHOICE","2","1","2","2","2","2","2","3","2","2","2","2","2","2","2","2","2","2","2","2","2","2","2","2","2","2","2","2","2","2","2","2","2","5","2","2","2","2","2","2","2","2","2","2","2","2","2","2","2","2","2","3","2","2","2","5","2","5","2","2","3","2","2","2","2","2","2","3","2","2","2","2","2","5","2","2","2","3","2","2","2","2","2","2","2","2","2","2","3","2","2","2","2","2","2","2","2","2","2","2","3","2","3","2","2","2","2","2","2","2","2","2","2","2","2","2","2","2","3","2","2","2","2","2","2","2","2","2","2","5","2","2","2","2","2","3","2","2","2","2","2","2","2","2","2","2","2","2","2","2","2","2","2","2","2","2","2","2","2","2","2","2","2","2","2","2","2","2",
"HOMER_QUIZ_1046549","","MULTICHOICE","4","1","4","4","4","4","3","4","3","4","4","4","1","4","4","2","4","4","4","4","4","4","4","4","4","2","4","4","4","3","4","2","4","4","4","4","4","2","3","4","4","4","2","4","4","4","4","3","4","4","1","4","4","4","4","4","4","3","4","4","3","4","2","3","4","4","4","4","2","4","4","2","2","4","4","4","3","4","4","2","4","4","4","4","4","4","4","4","4","4","4","4","4","4","3","4","4","4","4","4","4","4","4","4","4","4","4","4","4","4","4","2","2","4","4","4","2","4","1","4","2","4","4","4","4","2","4","2","2","4","4","4","3","4","4","4","4","4","4","4","4","4","4","4","4","4","4","3","4","2","4","4","4","4","3","4","4","2","4","3","4","2","4","4","4","4","4","4",
"HOMER_QUIZ_1046527","","MULTICHOICE","2","1","2","2","2","2","2","2","1","1","1","2","2","1","2","2","1","2","2","2","2","2","2","2","1","4","2","1","4","1","4","2","1","2","2","4","2","2","2","2","1","1","2","2","2","2","2","2","2","2","2","1","2","2","2","2","2","1","2","2","2","2","1","1","2","1","2","1","2","2","1","2","2","2","2","3","1","2","2","1","1","1","2","1","2","2","2","2","4","2","2","2","2","2","2","2","4","1","2","2","2","2","2","2","2","4","2","2","1","3","2","2","2","2","2","2","2","2","2","2","2","1","2","2","4","1","2","2","2","1","2","2","2","2","2","3","2","2","2","2","2","4","1","2","2","2","2","2","2","4","2","1","2","1","2","2","2","2","2","2","2","4","2","2","4","2","2","4",
"HOMER_QUIZ_1046477","","MULTICHOICE","2","1","2","2","2","2","2","2","2","2","2","2","2","2","2","2","2","2","2","2","2","2","2","2","2","2","2","2","2","2","2","2","2","2","2","2","2","2","2","2","2","1","2","2","2","2","2","2","2","2","2","2","2","2","3","2","2","2","1","2","2","2","2","2","2","2","2","2","2","2","2","2","2","2","2","2","2","2","2","2","2","2","2","2","2","2","3","2","2","2","2","2","2","3","2","2","2","2","2","2","2","2","2","2","2","2","3","2","2","2","2","2","3","2","2","2","2","2","2","2","2","2","2","2","2","2","2","2","2","2","2","2","2","2","2","2","2","2","2","3","2","2","2","2","2","2","2","3","2","2","2","2","2","2","2","2","2","3","2","2","2","2","2","2","2","2","2","2",
"HOMER_QUIZ_1046528","","MULTICHOICE","4","1","4","4","3","4","4","3","3","4","4","4","4","4","4","4","4","4","4","4","4","4","4","4","3","4","4","4","4","3","4","4","4","4","4","4","4","4","4","4","3","4","4","4","4","4","4","4","4","4","4","4","4","4","4","4","4","3","4","4","4","4","4","4","4","4","4","4","3","4","3","4","4","3","4","4","4","4","4","4","3","4","4","4","3","4","4","4","4","4","4","4","4","3","4","4","4","3","4","4","4","4","4","4","4","4","4","4","4","3","4","4","3","4","4","4","4","4","4","4","4","4","4","4","4","3","4","4","3","3","4","4","4","4","4","4","4","2","4","4","4","4","4","4","4","3","4","4","4","4","4","4","4","4","3","4","4","3","4","4","4","4","4","4","4","4","4","4",
"HOMER_QUIZ_1046450","","MULTICHOICE","3","1","1","3","1","2","1","4","1","3","3","4","4","1","1","1","2","3","4","1","1","4","1","1","2","1","4","1","1","3","1","4","3","1","1","1","4","4","1","1","4","1","1","1","4","1","1","1","3","4","1","4","4","3","2","4","1","2","1","4","1","1","4","1","4","4","4","4","1","1","1","1","1","2","4","3","4","1","1","4","4","2","1","1","1","1","1","3","1","1","3","4","4","1","4","1","4","1","4","4","4","3","1","2","4","4","1","1","1","1","4","4","1","1","4","1","4","3","3","4","1","1","1","1","4","2","3","3","1","2","1","1","4","1","1","1","1","1","1","1","4","1","1","4","4","1","1","1","1","4","1","1","3","1","4","4","1","3","1","4","4","3","1","4","3","1","3","1",
"HOMER_QUIZ_1046529","","MULTICHOICE","3","1","3","3","3","3","3","3","3","5","3","3","3","3","3","2","4","3","3","3","3","3","3","3","3","2","3","4","3","3","3","3","4","3","3","3","3","5","3","3","3","3","2","3","3","3","3","3","3","3","1","3","3","3","3","3","3","3","3","3","2","1","3","3","3","3","3","3","4","3","2","3","3","3","3","1","3","2","3","4","1","3","5","3","3","3","3","3","3","3","3","1","3","3","3","3","2","3","3","3","4","3","3","3","3","3","3","2","3","3","3","3","3","3","5","3","3","3","3","3","4","5","3","3","2","3","3","3","2","2","3","3","2","3","3","3","1","3","3","3","3","1","2","4","3","3","3","5","3","3","3","4","3","3","3","3","2","2","3","3","1","3","3","3","3","3","3","3",
"HOMER_QUIZ_1046530","","MULTICHOICE","1","1","1","1","3","1","3","1","3","3","3","1","5","1","1","1","1","1","1","1","1","1","1","1","1","1","1","1","1","1","1","1","1","3","1","1","1","3","1","3","3","1","3","1","1","1","1","1","1","1","1","1","1","1","1","3","3","3","4","1","3","3","3","3","1","1","1","1","1","3","3","1","1","3","1","3","1","1","1","1","1","3","1","4","1","1","1","1","1","3","1","4","1","1","3","3","1","3","1","1","1","1","1","1","1","1","1","4","3","4","3","1","3","1","1","1","1","1","3","1","1","2","1","3","1","1","1","1","4","3","1","4","1","1","1","1","1","3","1","1","1","3","3","1","1","4","1","1","1","3","1","1","1","1","1","1","1","2","1","3","1","1","1","1","4","1","1","3",
"HOMER_QUIZ_1046478","","MULTICHOICE","5","1","4","5","5","5","4","5","3","5","5","5","5","3","5","5","5","4","5","5","5","5","5","5","5","3","5","5","5","5","5","4","4","5","5","5","5","5","5","5","5","5","5","5","5","5","5","5","5","5","5","5","5","5","5","5","5","5","5","5","5","2","5","5","3","5","5","5","2","4","5","5","5","4","5","5","5","5","3","5","4","5","5","5","5","5","4","5","5","5","5","5","5","5","4","2","5","5","4","5","4","5","5","5","5","5","2","3","5","5","5","5","5","5","5","5","5","5","5","5","4","5","5","5","5","2","5","5","5","5","4","5","5","5","4","5","4","4","3","2","5","5","5","5","2","5","2","5","5","5","4","5","5","5","5","4","3","3","5","5","4","5","5","5","5","5","5","5",
